Campaign,Ad Group,Keyword,Keyword для Headline 1,Headline 1,Дл1,Headline 2,Дл2,Headline 3,Дл3,Headline 4,Дл4,Headline 5,Дл5,Headline 6,Дл6,Headline 7,Дл7,Headline 8,Дл8,Headline 9,Дл9,Headline 10,Дл10,Headline 11,Дл11,Headline 12,Дл12,Headline 13,Дл13,Headline 14,Дл14,Headline 15,Дл15,Description Line 1,Дл16,Description Line 2,Дл17,Description Line 3,Дл18,Description Line 4,Дл19,Final URL,Path1,Дл20,Path2,Дл21,Кампания
PL | Пошук | Інтернет-магазини,RU | Создание,создания интернет магазина,ваш інтернет-магазин від $700,Ваш Інтернет-Магазин Від $700,29,Создание Интернет Магазина,26,Ваш Интернет Магазин Под Ключ,29,Ваш Продающий Интернет Магазин,30,Бесплатная Поддержка 12 Мес,27,Довічна Гарантія На Наш Код,27,Запустим Магазин За 3 Недели,28,Магазин Під Ключ За 3 Тижні,27,1 Рік Підтримки Безкоштовно,27,Удобная Админка Под Ваш Бизнес,30,Нова Пошта | CRM | Платежі,26,Сайт Без Сбоев И Зависаний,26,SEO-Оптимизация С Первого Дня,29,Перенесем С Prom / Rozetka,26,Запустите Продажи За 3 Недели,29,"Ваш бизнес онлайн за 21 день! Премиум дизайн, мобильная версия, SEO-оптимизация. Под ключ!",90,"Создадим магазин, который продает 24/7. Автоматизация, дизайн и маркетинг, SEO. Кликайте!",89,"Магазин під ключ від $700 за 3 тижні. Чистий код, 1 рік безкоштовної підтримки, гарантія",88,"Онлайн оплати, Нова Пошта, CRM, все під ключ. SEO з першого дня. Безкоштовна консультація!",90,https://www.prometeylabs.com/ru/internet-shop/,создание,8,онлайн-магазин,14,RU | Создание
PL | Пошук | Інтернет-магазини,RU | Создание,создание интернет магазина,ваш інтернет-магазин від $700,Ваш Інтернет-Магазин Від $700,29,Создание Интернет Магазина,26,Ваш Интернет Магазин Под Ключ,29,Ваш Продающий Интернет Магазин,30,Бесплатная Поддержка 12 Мес,27,Довічна Гарантія На Наш Код,27,Запустим Магазин За 3 Недели,28,Магазин Під Ключ За 3 Тижні,27,1 Рік Підтримки Безкоштовно,27,Удобная Админка Под Ваш Бизнес,30,Нова Пошта | CRM | Платежі,26,Сайт Без Сбоев И Зависаний,26,SEO-Оптимизация С Первого Дня,29,Перенесем С Prom / Rozetka,26,Запустите Продажи За 3 Недели,29,"Ваш бизнес онлайн за 21 день! Премиум дизайн, мобильная версия, SEO-оптимизация. Под ключ!",90,"Создадим магазин, который продает 24/7. Автоматизация, дизайн и маркетинг, SEO. Кликайте!",89,"Магазин під ключ від $700 за 3 тижні. Чистий код, 1 рік безкоштовної підтримки, гарантія",88,"Онлайн оплати, Нова Пошта, CRM, все під ключ. SEO з першого дня. Безкоштовна консультація!",90,https://www.prometeylabs.com/ru/internet-shop/,создание,8,онлайн-магазин,14,RU | Создание
PL | Пошук | Інтернет-магазини,RU | Создание,создание интернет магазина под ключ,ваш інтернет-магазин від $700,Ваш Інтернет-Магазин Від $700,29,Создание Интернет Магазина,26,Ваш Интернет Магазин Под Ключ,29,Ваш Продающий Интернет Магазин,30,Бесплатная Поддержка 12 Мес,27,Довічна Гарантія На Наш Код,27,Запустим Магазин За 3 Недели,28,Магазин Під Ключ За 3 Тижні,27,1 Рік Підтримки Безкоштовно,27,Удобная Админка Под Ваш Бизнес,30,Нова Пошта | CRM | Платежі,26,Сайт Без Сбоев И Зависаний,26,SEO-Оптимизация С Первого Дня,29,Перенесем С Prom / Rozetka,26,Запустите Продажи За 3 Недели,29,"Ваш бизнес онлайн за 21 день! Премиум дизайн, мобильная версия, SEO-оптимизация. Под ключ!",90,"Создадим магазин, который продает 24/7. Автоматизация, дизайн и маркетинг, SEO. Кликайте!",89,"Магазин під ключ від $700 за 3 тижні. Чистий код, 1 рік безкоштовної підтримки, гарантія",88,"Онлайн оплати, Нова Пошта, CRM, все під ключ. SEO з першого дня. Безкоштовна консультація!",90,https://www.prometeylabs.com/ru/internet-shop/,создание,8,онлайн-магазин,14,RU | Создание
PL | Пошук | Інтернет-магазини,RU | Создание,создание интернет магазин под ключ,ваш інтернет-магазин від $700,Ваш Інтернет-Магазин Від $700,29,Создание Интернет Магазина,26,Ваш Интернет Магазин Под Ключ,29,Ваш Продающий Интернет Магазин,30,Бесплатная Поддержка 12 Мес,27,Довічна Гарантія На Наш Код,27,Запустим Магазин За 3 Недели,28,Магазин Під Ключ За 3 Тижні,27,1 Рік Підтримки Безкоштовно,27,Удобная Админка Под Ваш Бизнес,30,Нова Пошта | CRM | Платежі,26,Сайт Без Сбоев И Зависаний,26,SEO-Оптимизация С Первого Дня,29,Перенесем С Prom / Rozetka,26,Запустите Продажи За 3 Недели,29,"Ваш бизнес онлайн за 21 день! Премиум дизайн, мобильная версия, SEO-оптимизация. Под ключ!",90,"Создадим магазин, который продает 24/7. Автоматизация, дизайн и маркетинг, SEO. Кликайте!",89,"Магазин під ключ від $700 за 3 тижні. Чистий код, 1 рік безкоштовної підтримки, гарантія",88,"Онлайн оплати, Нова Пошта, CRM, все під ключ. SEO з першого дня. Безкоштовна консультація!",90,https://www.prometeylabs.com/ru/internet-shop/,создание,8,онлайн-магазин,14,RU | Создание
PL | Пошук | Інтернет-магазини,RU | Создание,создание интернет магазина цена,ваш інтернет-магазин від $700,Ваш Інтернет-Магазин Від $700,29,Создание Интернет Магазина,26,Ваш Интернет Магазин Под Ключ,29,Ваш Продающий Интернет Магазин,30,Бесплатная Поддержка 12 Мес,27,Довічна Гарантія На Наш Код,27,Запустим Магазин За 3 Недели,28,Магазин Під Ключ За 3 Тижні,27,1 Рік Підтримки Безкоштовно,27,Удобная Админка Под Ваш Бизнес,30,Нова Пошта | CRM | Платежі,26,Сайт Без Сбоев И Зависаний,26,SEO-Оптимизация С Первого Дня,29,Перенесем С Prom / Rozetka,26,Запустите Продажи За 3 Недели,29,"Ваш бизнес онлайн за 21 день! Премиум дизайн, мобильная версия, SEO-оптимизация. Под ключ!",90,"Создадим магазин, который продает 24/7. Автоматизация, дизайн и маркетинг, SEO. Кликайте!",89,"Магазин під ключ від $700 за 3 тижні. Чистий код, 1 рік безкоштовної підтримки, гарантія",88,"Онлайн оплати, Нова Пошта, CRM, все під ключ. SEO з першого дня. Безкоштовна консультація!",90,https://www.prometeylabs.com/ru/internet-shop/,создание,8,онлайн-магазин,14,RU | Создание
PL | Пошук | Інтернет-магазини,RU | Создание,создание интернет магазина с нуля,ваш інтернет-магазин від $700,Ваш Інтернет-Магазин Від $700,29,Создание Интернет Магазина,26,Ваш Интернет Магазин Под Ключ,29,Ваш Продающий Интернет Магазин,30,Бесплатная Поддержка 12 Мес,27,Довічна Гарантія На Наш Код,27,Запустим Магазин За 3 Недели,28,Магазин Під Ключ За 3 Тижні,27,1 Рік Підтримки Безкоштовно,27,Удобная Админка Под Ваш Бизнес,30,Нова Пошта | CRM | Платежі,26,Сайт Без Сбоев И Зависаний,26,SEO-Оптимизация С Первого Дня,29,Перенесем С Prom / Rozetka,26,Запустите Продажи За 3 Недели,29,"Ваш бизнес онлайн за 21 день! Премиум дизайн, мобильная версия, SEO-оптимизация. Под ключ!",90,"Создадим магазин, который продает 24/7. Автоматизация, дизайн и маркетинг, SEO. Кликайте!",89,"Магазин під ключ від $700 за 3 тижні. Чистий код, 1 рік безкоштовної підтримки, гарантія",88,"Онлайн оплати, Нова Пошта, CRM, все під ключ. SEO з першого дня. Безкоштовна консультація!",90,https://www.prometeylabs.com/ru/internet-shop/,создание,8,онлайн-магазин,14,RU | Создание
PL | Пошук | Інтернет-магазини,RU | Создание,стоимость создания интернет магазина,ваш інтернет-магазин від $700,Ваш Інтернет-Магазин Від $700,29,Создание Интернет Магазина,26,Ваш Интернет Магазин Под Ключ,29,Ваш Продающий Интернет Магазин,30,Бесплатная Поддержка 12 Мес,27,Довічна Гарантія На Наш Код,27,Запустим Магазин За 3 Недели,28,Магазин Під Ключ За 3 Тижні,27,1 Рік Підтримки Безкоштовно,27,Удобная Админка Под Ваш Бизнес,30,Нова Пошта | CRM | Платежі,26,Сайт Без Сбоев И Зависаний,26,SEO-Оптимизация С Первого Дня,29,Перенесем С Prom / Rozetka,26,Запустите Продажи За 3 Недели,29,"Ваш бизнес онлайн за 21 день! Премиум дизайн, мобильная версия, SEO-оптимизация. Под ключ!",90,"Создадим магазин, который продает 24/7. Автоматизация, дизайн и маркетинг, SEO. Кликайте!",89,"Магазин під ключ від $700 за 3 тижні. Чистий код, 1 рік безкоштовної підтримки, гарантія",88,"Онлайн оплати, Нова Пошта, CRM, все під ключ. SEO з першого дня. Безкоштовна консультація!",90,https://www.prometeylabs.com/ru/internet-shop/,создание,8,онлайн-магазин,14,RU | Создание
PL | Пошук | Інтернет-магазини,RU | Создание,создание сайта интернет магазина,ваш інтернет-магазин від $700,Ваш Інтернет-Магазин Від $700,29,Создание Интернет Магазина,26,Ваш Интернет Магазин Под Ключ,29,Ваш Продающий Интернет Магазин,30,Бесплатная Поддержка 12 Мес,27,Довічна Гарантія На Наш Код,27,Запустим Магазин За 3 Недели,28,Магазин Під Ключ За 3 Тижні,27,1 Рік Підтримки Безкоштовно,27,Удобная Админка Под Ваш Бизнес,30,Нова Пошта | CRM | Платежі,26,Сайт Без Сбоев И Зависаний,26,SEO-Оптимизация С Первого Дня,29,Перенесем С Prom / Rozetka,26,Запустите Продажи За 3 Недели,29,"Ваш бизнес онлайн за 21 день! Премиум дизайн, мобильная версия, SEO-оптимизация. Под ключ!",90,"Создадим магазин, который продает 24/7. Автоматизация, дизайн и маркетинг, SEO. Кликайте!",89,"Магазин під ключ від $700 за 3 тижні. Чистий код, 1 рік безкоштовної підтримки, гарантія",88,"Онлайн оплати, Нова Пошта, CRM, все під ключ. SEO з першого дня. Безкоштовна консультація!",90,https://www.prometeylabs.com/ru/internet-shop/,создание,8,онлайн-магазин,14,RU | Создание
PL | Пошук | Інтернет-магазини,RU | Создание,создание сайта интернет магазин цена,ваш інтернет-магазин від $700,Ваш Інтернет-Магазин Від $700,29,Создание Интернет Магазина,26,Ваш Интернет Магазин Под Ключ,29,Ваш Продающий Интернет Магазин,30,Бесплатная Поддержка 12 Мес,27,Довічна Гарантія На Наш Код,27,Запустим Магазин За 3 Недели,28,Магазин Під Ключ За 3 Тижні,27,1 Рік Підтримки Безкоштовно,27,Удобная Админка Под Ваш Бизнес,30,Нова Пошта | CRM | Платежі,26,Сайт Без Сбоев И Зависаний,26,SEO-Оптимизация С Первого Дня,29,Перенесем С Prom / Rozetka,26,Запустите Продажи За 3 Недели,29,"Ваш бизнес онлайн за 21 день! Премиум дизайн, мобильная версия, SEO-оптимизация. Под ключ!",90,"Создадим магазин, который продает 24/7. Автоматизация, дизайн и маркетинг, SEO. Кликайте!",89,"Магазин під ключ від $700 за 3 тижні. Чистий код, 1 рік безкоштовної підтримки, гарантія",88,"Онлайн оплати, Нова Пошта, CRM, все під ключ. SEO з першого дня. Безкоштовна консультація!",90,https://www.prometeylabs.com/ru/internet-shop/,создание,8,онлайн-магазин,14,RU | Создание
PL | Пошук | Інтернет-магазини,RU | Создание,создание сайта для интернет магазина,ваш інтернет-магазин від $700,Ваш Інтернет-Магазин Від $700,29,Создание Интернет Магазина,26,Ваш Интернет Магазин Под Ключ,29,Ваш Продающий Интернет Магазин,30,Бесплатная Поддержка 12 Мес,27,Довічна Гарантія На Наш Код,27,Запустим Магазин За 3 Недели,28,Магазин Під Ключ За 3 Тижні,27,1 Рік Підтримки Безкоштовно,27,Удобная Админка Под Ваш Бизнес,30,Нова Пошта | CRM | Платежі,26,Сайт Без Сбоев И Зависаний,26,SEO-Оптимизация С Первого Дня,29,Перенесем С Prom / Rozetka,26,Запустите Продажи За 3 Недели,29,"Ваш бизнес онлайн за 21 день! Премиум дизайн, мобильная версия, SEO-оптимизация. Под ключ!",90,"Создадим магазин, который продает 24/7. Автоматизация, дизайн и маркетинг, SEO. Кликайте!",89,"Магазин під ключ від $700 за 3 тижні. Чистий код, 1 рік безкоштовної підтримки, гарантія",88,"Онлайн оплати, Нова Пошта, CRM, все під ключ. SEO з першого дня. Безкоштовна консультація!",90,https://www.prometeylabs.com/ru/internet-shop/,создание,8,онлайн-магазин,14,RU | Создание
PL | Пошук | Інтернет-магазини,RU | Создание,создание интернет магазина на заказ,ваш інтернет-магазин від $700,Ваш Інтернет-Магазин Від $700,29,Создание Интернет Магазина,26,Ваш Интернет Магазин Под Ключ,29,Ваш Продающий Интернет Магазин,30,Бесплатная Поддержка 12 Мес,27,Довічна Гарантія На Наш Код,27,Запустим Магазин За 3 Недели,28,Магазин Під Ключ За 3 Тижні,27,1 Рік Підтримки Безкоштовно,27,Удобная Админка Под Ваш Бизнес,30,Нова Пошта | CRM | Платежі,26,Сайт Без Сбоев И Зависаний,26,SEO-Оптимизация С Первого Дня,29,Перенесем С Prom / Rozetka,26,Запустите Продажи За 3 Недели,29,"Ваш бизнес онлайн за 21 день! Премиум дизайн, мобильная версия, SEO-оптимизация. Под ключ!",90,"Создадим магазин, который продает 24/7. Автоматизация, дизайн и маркетинг, SEO. Кликайте!",89,"Магазин під ключ від $700 за 3 тижні. Чистий код, 1 рік безкоштовної підтримки, гарантія",88,"Онлайн оплати, Нова Пошта, CRM, все під ключ. SEO з першого дня. Безкоштовна консультація!",90,https://www.prometeylabs.com/ru/internet-shop/,создание,8,онлайн-магазин,14,RU | Создание
PL | Пошук | Інтернет-магазини,RU | Создание,создание интернет магазина под ключ цена,ваш інтернет-магазин від $700,Ваш Інтернет-Магазин Від $700,29,Создание Интернет Магазина,26,Ваш Интернет Магазин Под Ключ,29,Ваш Продающий Интернет Магазин,30,Бесплатная Поддержка 12 Мес,27,Довічна Гарантія На Наш Код,27,Запустим Магазин За 3 Недели,28,Магазин Під Ключ За 3 Тижні,27,1 Рік Підтримки Безкоштовно,27,Удобная Админка Под Ваш Бизнес,30,Нова Пошта | CRM | Платежі,26,Сайт Без Сбоев И Зависаний,26,SEO-Оптимизация С Первого Дня,29,Перенесем С Prom / Rozetka,26,Запустите Продажи За 3 Недели,29,"Ваш бизнес онлайн за 21 день! Премиум дизайн, мобильная версия, SEO-оптимизация. Под ключ!",90,"Создадим магазин, который продает 24/7. Автоматизация, дизайн и маркетинг, SEO. Кликайте!",89,"Магазин під ключ від $700 за 3 тижні. Чистий код, 1 рік безкоштовної підтримки, гарантія",88,"Онлайн оплати, Нова Пошта, CRM, все під ключ. SEO з першого дня. Безкоштовна консультація!",90,https://www.prometeylabs.com/ru/internet-shop/,создание,8,онлайн-магазин,14,RU | Создание
PL | Пошук | Інтернет-магазини,RU | Создание,создание продающего интернет магазина,ваш інтернет-магазин від $700,Ваш Інтернет-Магазин Від $700,29,Создание Интернет Магазина,26,Ваш Интернет Магазин Под Ключ,29,Ваш Продающий Интернет Магазин,30,Бесплатная Поддержка 12 Мес,27,Довічна Гарантія На Наш Код,27,Запустим Магазин За 3 Недели,28,Магазин Під Ключ За 3 Тижні,27,1 Рік Підтримки Безкоштовно,27,Удобная Админка Под Ваш Бизнес,30,Нова Пошта | CRM | Платежі,26,Сайт Без Сбоев И Зависаний,26,SEO-Оптимизация С Первого Дня,29,Перенесем С Prom / Rozetka,26,Запустите Продажи За 3 Недели,29,"Ваш бизнес онлайн за 21 день! Премиум дизайн, мобильная версия, SEO-оптимизация. Под ключ!",90,"Создадим магазин, который продает 24/7. Автоматизация, дизайн и маркетинг, SEO. Кликайте!",89,"Магазин під ключ від $700 за 3 тижні. Чистий код, 1 рік безкоштовної підтримки, гарантія",88,"Онлайн оплати, Нова Пошта, CRM, все під ключ. SEO з першого дня. Безкоштовна консультація!",90,https://www.prometeylabs.com/ru/internet-shop/,создание,8,онлайн-магазин,14,RU | Создание
PL | Пошук | Інтернет-магазини,RU | Создать,создать интернет магазин,ваш інтернет-магазин від $700,Ваш Інтернет-Магазин Від $700,29,Создать Сайт Интернет Магазин,29,Создать Свой Интернет Магазин,29,Создать Сайт Для Онлайн Продаж,30,Бесплатная Поддержка 12 Мес,27,Довічна Гарантія На Наш Код,27,Запустим Магазин За 3 Недели,28,Магазин Під Ключ За 3 Тижні,27,1 Рік Підтримки Безкоштовно,27,Удобная Админка Под Ваш Бизнес,30,Нова Пошта | CRM | Платежі,26,Сайт Без Сбоев И Зависаний,26,SEO-Оптимизация С Первого Дня,29,Перенесем С Prom / Rozetka,26,Запустите Продажи За 3 Недели,29,"Ваш бизнес онлайн за 21 день! Премиум дизайн, мобильная версия, SEO-оптимизация. Под ключ!",90,"Создадим магазин, который продает 24/7. Автоматизация, дизайн и маркетинг, SEO. Кликайте!",89,"Магазин під ключ від $700 за 3 тижні. Чистий код, 1 рік безкоштовної підтримки, гарантія",88,"Онлайн оплати, Нова Пошта, CRM, все під ключ. SEO з першого дня. Безкоштовна консультація!",90,https://www.prometeylabs.com/ru/internet-shop/,создать,7,онлайн-магазин,14,RU | Создать
PL | Пошук | Інтернет-магазини,RU | Создать,создать сайт интернет магазин,ваш інтернет-магазин від $700,Ваш Інтернет-Магазин Від $700,29,Создать Сайт Интернет Магазин,29,Создать Свой Интернет Магазин,29,Создать Сайт Для Онлайн Продаж,30,Бесплатная Поддержка 12 Мес,27,Довічна Гарантія На Наш Код,27,Запустим Магазин За 3 Недели,28,Магазин Під Ключ За 3 Тижні,27,1 Рік Підтримки Безкоштовно,27,Удобная Админка Под Ваш Бизнес,30,Нова Пошта | CRM | Платежі,26,Сайт Без Сбоев И Зависаний,26,SEO-Оптимизация С Первого Дня,29,Перенесем С Prom / Rozetka,26,Запустите Продажи За 3 Недели,29,"Ваш бизнес онлайн за 21 день! Премиум дизайн, мобильная версия, SEO-оптимизация. Под ключ!",90,"Создадим магазин, который продает 24/7. Автоматизация, дизайн и маркетинг, SEO. Кликайте!",89,"Магазин під ключ від $700 за 3 тижні. Чистий код, 1 рік безкоштовної підтримки, гарантія",88,"Онлайн оплати, Нова Пошта, CRM, все під ключ. SEO з першого дня. Безкоштовна консультація!",90,https://www.prometeylabs.com/ru/internet-shop/,создать,7,онлайн-магазин,14,RU | Создать
PL | Пошук | Інтернет-магазини,RU | Создать,создать свой интернет магазин,ваш інтернет-магазин від $700,Ваш Інтернет-Магазин Від $700,29,Создать Сайт Интернет Магазин,29,Создать Свой Интернет Магазин,29,Создать Сайт Для Онлайн Продаж,30,Бесплатная Поддержка 12 Мес,27,Довічна Гарантія На Наш Код,27,Запустим Магазин За 3 Недели,28,Магазин Під Ключ За 3 Тижні,27,1 Рік Підтримки Безкоштовно,27,Удобная Админка Под Ваш Бизнес,30,Нова Пошта | CRM | Платежі,26,Сайт Без Сбоев И Зависаний,26,SEO-Оптимизация С Первого Дня,29,Перенесем С Prom / Rozetka,26,Запустите Продажи За 3 Недели,29,"Ваш бизнес онлайн за 21 день! Премиум дизайн, мобильная версия, SEO-оптимизация. Под ключ!",90,"Создадим магазин, который продает 24/7. Автоматизация, дизайн и маркетинг, SEO. Кликайте!",89,"Магазин під ключ від $700 за 3 тижні. Чистий код, 1 рік безкоштовної підтримки, гарантія",88,"Онлайн оплати, Нова Пошта, CRM, все під ключ. SEO з першого дня. Безкоштовна консультація!",90,https://www.prometeylabs.com/ru/internet-shop/,создать,7,онлайн-магазин,14,RU | Создать
PL | Пошук | Інтернет-магазини,RU | Создать,создать сайт для продаж,ваш інтернет-магазин від $700,Ваш Інтернет-Магазин Від $700,29,Создать Сайт Интернет Магазин,29,Создать Свой Интернет Магазин,29,Создать Сайт Для Онлайн Продаж,30,Бесплатная Поддержка 12 Мес,27,Довічна Гарантія На Наш Код,27,Запустим Магазин За 3 Недели,28,Магазин Під Ключ За 3 Тижні,27,1 Рік Підтримки Безкоштовно,27,Удобная Админка Под Ваш Бизнес,30,Нова Пошта | CRM | Платежі,26,Сайт Без Сбоев И Зависаний,26,SEO-Оптимизация С Первого Дня,29,Перенесем С Prom / Rozetka,26,Запустите Продажи За 3 Недели,29,"Ваш бизнес онлайн за 21 день! Премиум дизайн, мобильная версия, SEO-оптимизация. Под ключ!",90,"Создадим магазин, который продает 24/7. Автоматизация, дизайн и маркетинг, SEO. Кликайте!",89,"Магазин під ключ від $700 за 3 тижні. Чистий код, 1 рік безкоштовної підтримки, гарантія",88,"Онлайн оплати, Нова Пошта, CRM, все під ключ. SEO з першого дня. Безкоштовна консультація!",90,https://www.prometeylabs.com/ru/internet-shop/,создать,7,онлайн-магазин,14,RU | Создать
PL | Пошук | Інтернет-магазини,RU | Создать,создать сайт для продажи товаров,ваш інтернет-магазин від $700,Ваш Інтернет-Магазин Від $700,29,Создать Сайт Интернет Магазин,29,Создать Свой Интернет Магазин,29,Создать Сайт Для Онлайн Продаж,30,Бесплатная Поддержка 12 Мес,27,Довічна Гарантія На Наш Код,27,Запустим Магазин За 3 Недели,28,Магазин Під Ключ За 3 Тижні,27,1 Рік Підтримки Безкоштовно,27,Удобная Админка Под Ваш Бизнес,30,Нова Пошта | CRM | Платежі,26,Сайт Без Сбоев И Зависаний,26,SEO-Оптимизация С Первого Дня,29,Перенесем С Prom / Rozetka,26,Запустите Продажи За 3 Недели,29,"Ваш бизнес онлайн за 21 день! Премиум дизайн, мобильная версия, SEO-оптимизация. Под ключ!",90,"Создадим магазин, который продает 24/7. Автоматизация, дизайн и маркетинг, SEO. Кликайте!",89,"Магазин під ключ від $700 за 3 тижні. Чистий код, 1 рік безкоштовної підтримки, гарантія",88,"Онлайн оплати, Нова Пошта, CRM, все під ключ. SEO з першого дня. Безкоштовна консультація!",90,https://www.prometeylabs.com/ru/internet-shop/,создать,7,онлайн-магазин,14,RU | Создать
PL | Пошук | Інтернет-магазини,RU | Создать,создать интернет магазин цена,ваш інтернет-магазин від $700,Ваш Інтернет-Магазин Від $700,29,Создать Сайт Интернет Магазин,29,Создать Свой Интернет Магазин,29,Создать Сайт Для Онлайн Продаж,30,Бесплатная Поддержка 12 Мес,27,Довічна Гарантія На Наш Код,27,Запустим Магазин За 3 Недели,28,Магазин Під Ключ За 3 Тижні,27,1 Рік Підтримки Безкоштовно,27,Удобная Админка Под Ваш Бизнес,30,Нова Пошта | CRM | Платежі,26,Сайт Без Сбоев И Зависаний,26,SEO-Оптимизация С Первого Дня,29,Перенесем С Prom / Rozetka,26,Запустите Продажи За 3 Недели,29,"Ваш бизнес онлайн за 21 день! Премиум дизайн, мобильная версия, SEO-оптимизация. Под ключ!",90,"Создадим магазин, который продает 24/7. Автоматизация, дизайн и маркетинг, SEO. Кликайте!",89,"Магазин під ключ від $700 за 3 тижні. Чистий код, 1 рік безкоштовної підтримки, гарантія",88,"Онлайн оплати, Нова Пошта, CRM, все під ключ. SEO з першого дня. Безкоштовна консультація!",90,https://www.prometeylabs.com/ru/internet-shop/,создать,7,онлайн-магазин,14,RU | Создать
PL | Пошук | Інтернет-магазини,RU | Создать,создать сайт магазин,ваш інтернет-магазин від $700,Ваш Інтернет-Магазин Від $700,29,Создать Сайт Интернет Магазин,29,Создать Свой Интернет Магазин,29,Создать Сайт Для Онлайн Продаж,30,Бесплатная Поддержка 12 Мес,27,Довічна Гарантія На Наш Код,27,Запустим Магазин За 3 Недели,28,Магазин Під Ключ За 3 Тижні,27,1 Рік Підтримки Безкоштовно,27,Удобная Админка Под Ваш Бизнес,30,Нова Пошта | CRM | Платежі,26,Сайт Без Сбоев И Зависаний,26,SEO-Оптимизация С Первого Дня,29,Перенесем С Prom / Rozetka,26,Запустите Продажи За 3 Недели,29,"Ваш бизнес онлайн за 21 день! Премиум дизайн, мобильная версия, SEO-оптимизация. Под ключ!",90,"Создадим магазин, который продает 24/7. Автоматизация, дизайн и маркетинг, SEO. Кликайте!",89,"Магазин під ключ від $700 за 3 тижні. Чистий код, 1 рік безкоштовної підтримки, гарантія",88,"Онлайн оплати, Нова Пошта, CRM, все під ключ. SEO з першого дня. Безкоштовна консультація!",90,https://www.prometeylabs.com/ru/internet-shop/,создать,7,онлайн-магазин,14,RU | Создать
PL | Пошук | Інтернет-магазини,RU | Создать,создать онлайн магазин,ваш інтернет-магазин від $700,Ваш Інтернет-Магазин Від $700,29,Создать Сайт Интернет Магазин,29,Создать Свой Интернет Магазин,29,Создать Сайт Для Онлайн Продаж,30,Бесплатная Поддержка 12 Мес,27,Довічна Гарантія На Наш Код,27,Запустим Магазин За 3 Недели,28,Магазин Під Ключ За 3 Тижні,27,1 Рік Підтримки Безкоштовно,27,Удобная Админка Под Ваш Бизнес,30,Нова Пошта | CRM | Платежі,26,Сайт Без Сбоев И Зависаний,26,SEO-Оптимизация С Первого Дня,29,Перенесем С Prom / Rozetka,26,Запустите Продажи За 3 Недели,29,"Ваш бизнес онлайн за 21 день! Премиум дизайн, мобильная версия, SEO-оптимизация. Под ключ!",90,"Создадим магазин, который продает 24/7. Автоматизация, дизайн и маркетинг, SEO. Кликайте!",89,"Магазин під ключ від $700 за 3 тижні. Чистий код, 1 рік безкоштовної підтримки, гарантія",88,"Онлайн оплати, Нова Пошта, CRM, все під ключ. SEO з першого дня. Безкоштовна консультація!",90,https://www.prometeylabs.com/ru/internet-shop/,создать,7,онлайн-магазин,14,RU | Создать
PL | Пошук | Інтернет-магазини,RU | Создать,создать сайт для интернет магазина,ваш інтернет-магазин від $700,Ваш Інтернет-Магазин Від $700,29,Создать Сайт Интернет Магазин,29,Создать Свой Интернет Магазин,29,Создать Сайт Для Онлайн Продаж,30,Бесплатная Поддержка 12 Мес,27,Довічна Гарантія На Наш Код,27,Запустим Магазин За 3 Недели,28,Магазин Під Ключ За 3 Тижні,27,1 Рік Підтримки Безкоштовно,27,Удобная Админка Под Ваш Бизнес,30,Нова Пошта | CRM | Платежі,26,Сайт Без Сбоев И Зависаний,26,SEO-Оптимизация С Первого Дня,29,Перенесем С Prom / Rozetka,26,Запустите Продажи За 3 Недели,29,"Ваш бизнес онлайн за 21 день! Премиум дизайн, мобильная версия, SEO-оптимизация. Под ключ!",90,"Создадим магазин, который продает 24/7. Автоматизация, дизайн и маркетинг, SEO. Кликайте!",89,"Магазин під ключ від $700 за 3 тижні. Чистий код, 1 рік безкоштовної підтримки, гарантія",88,"Онлайн оплати, Нова Пошта, CRM, все під ключ. SEO з першого дня. Безкоштовна консультація!",90,https://www.prometeylabs.com/ru/internet-shop/,создать,7,онлайн-магазин,14,RU | Создать
PL | Пошук | Інтернет-магазини,RU | Создать,создать магазин,ваш інтернет-магазин від $700,Ваш Інтернет-Магазин Від $700,29,Создать Сайт Интернет Магазин,29,Создать Свой Интернет Магазин,29,Создать Сайт Для Онлайн Продаж,30,Бесплатная Поддержка 12 Мес,27,Довічна Гарантія На Наш Код,27,Запустим Магазин За 3 Недели,28,Магазин Під Ключ За 3 Тижні,27,1 Рік Підтримки Безкоштовно,27,Удобная Админка Под Ваш Бизнес,30,Нова Пошта | CRM | Платежі,26,Сайт Без Сбоев И Зависаний,26,SEO-Оптимизация С Первого Дня,29,Перенесем С Prom / Rozetka,26,Запустите Продажи За 3 Недели,29,"Ваш бизнес онлайн за 21 день! Премиум дизайн, мобильная версия, SEO-оптимизация. Под ключ!",90,"Создадим магазин, который продает 24/7. Автоматизация, дизайн и маркетинг, SEO. Кликайте!",89,"Магазин під ключ від $700 за 3 тижні. Чистий код, 1 рік безкоштовної підтримки, гарантія",88,"Онлайн оплати, Нова Пошта, CRM, все під ключ. SEO з першого дня. Безкоштовна консультація!",90,https://www.prometeylabs.com/ru/internet-shop/,создать,7,онлайн-магазин,14,RU | Создать
PL | Пошук | Інтернет-магазини,RU | Создать,создать интернет магазин под ключ цена,ваш інтернет-магазин від $700,Ваш Інтернет-Магазин Від $700,29,Создать Сайт Интернет Магазин,29,Создать Свой Интернет Магазин,29,Создать Сайт Для Онлайн Продаж,30,Бесплатная Поддержка 12 Мес,27,Довічна Гарантія На Наш Код,27,Запустим Магазин За 3 Недели,28,Магазин Під Ключ За 3 Тижні,27,1 Рік Підтримки Безкоштовно,27,Удобная Админка Под Ваш Бизнес,30,Нова Пошта | CRM | Платежі,26,Сайт Без Сбоев И Зависаний,26,SEO-Оптимизация С Первого Дня,29,Перенесем С Prom / Rozetka,26,Запустите Продажи За 3 Недели,29,"Ваш бизнес онлайн за 21 день! Премиум дизайн, мобильная версия, SEO-оптимизация. Под ключ!",90,"Создадим магазин, который продает 24/7. Автоматизация, дизайн и маркетинг, SEO. Кликайте!",89,"Магазин під ключ від $700 за 3 тижні. Чистий код, 1 рік безкоштовної підтримки, гарантія",88,"Онлайн оплати, Нова Пошта, CRM, все під ключ. SEO з першого дня. Безкоштовна консультація!",90,https://www.prometeylabs.com/ru/internet-shop/,создать,7,онлайн-магазин,14,RU | Создать
PL | Пошук | Інтернет-магазини,RU | Создать,интернет магазин создать,ваш інтернет-магазин від $700,Ваш Інтернет-Магазин Від $700,29,Создать Сайт Интернет Магазин,29,Создать Свой Интернет Магазин,29,Создать Сайт Для Онлайн Продаж,30,Бесплатная Поддержка 12 Мес,27,Довічна Гарантія На Наш Код,27,Запустим Магазин За 3 Недели,28,Магазин Під Ключ За 3 Тижні,27,1 Рік Підтримки Безкоштовно,27,Удобная Админка Под Ваш Бизнес,30,Нова Пошта | CRM | Платежі,26,Сайт Без Сбоев И Зависаний,26,SEO-Оптимизация С Первого Дня,29,Перенесем С Prom / Rozetka,26,Запустите Продажи За 3 Недели,29,"Ваш бизнес онлайн за 21 день! Премиум дизайн, мобильная версия, SEO-оптимизация. Под ключ!",90,"Создадим магазин, который продает 24/7. Автоматизация, дизайн и маркетинг, SEO. Кликайте!",89,"Магазин під ключ від $700 за 3 тижні. Чистий код, 1 рік безкоштовної підтримки, гарантія",88,"Онлайн оплати, Нова Пошта, CRM, все під ключ. SEO з першого дня. Безкоштовна консультація!",90,https://www.prometeylabs.com/ru/internet-shop/,создать,7,онлайн-магазин,14,RU | Создать
PL | Пошук | Інтернет-магазини,RU | Разработка,разработка интернет магазина,ваш інтернет-магазин від $700,Ваш Інтернет-Магазин Від $700,29,Разработка Интернет Магазинов,29,Ваш Интернет Магазин Под Ключ,29,Создание Интернет Магазина,26,Бесплатная Поддержка 12 Мес,27,Довічна Гарантія На Наш Код,27,Запустим Магазин За 3 Недели,28,Магазин Під Ключ За 3 Тижні,27,1 Рік Підтримки Безкоштовно,27,Удобная Админка Под Ваш Бизнес,30,Нова Пошта | CRM | Платежі,26,Сайт Без Сбоев И Зависаний,26,SEO-Оптимизация С Первого Дня,29,Перенесем С Prom / Rozetka,26,Запустите Продажи За 3 Недели,29,"Ваш бизнес онлайн за 21 день! Премиум дизайн, мобильная версия, SEO-оптимизация. Под ключ!",90,"Создадим магазин, который продает 24/7. Автоматизация, дизайн и маркетинг, SEO. Кликайте!",89,"Магазин під ключ від $700 за 3 тижні. Чистий код, 1 рік безкоштовної підтримки, гарантія",88,"Онлайн оплати, Нова Пошта, CRM, все під ключ. SEO з першого дня. Безкоштовна консультація!",90,https://www.prometeylabs.com/ru/internet-shop/,разработка,10,онлайн-магазин,14,RU | Разработка
PL | Пошук | Інтернет-магазини,RU | Разработка,разработка интернет магазинов,ваш інтернет-магазин від $700,Ваш Інтернет-Магазин Від $700,29,Разработка Интернет Магазинов,29,Ваш Интернет Магазин Под Ключ,29,Создание Интернет Магазина,26,Бесплатная Поддержка 12 Мес,27,Довічна Гарантія На Наш Код,27,Запустим Магазин За 3 Недели,28,Магазин Під Ключ За 3 Тижні,27,1 Рік Підтримки Безкоштовно,27,Удобная Админка Под Ваш Бизнес,30,Нова Пошта | CRM | Платежі,26,Сайт Без Сбоев И Зависаний,26,SEO-Оптимизация С Первого Дня,29,Перенесем С Prom / Rozetka,26,Запустите Продажи За 3 Недели,29,"Ваш бизнес онлайн за 21 день! Премиум дизайн, мобильная версия, SEO-оптимизация. Под ключ!",90,"Создадим магазин, который продает 24/7. Автоматизация, дизайн и маркетинг, SEO. Кликайте!",89,"Магазин під ключ від $700 за 3 тижні. Чистий код, 1 рік безкоштовної підтримки, гарантія",88,"Онлайн оплати, Нова Пошта, CRM, все під ключ. SEO з першого дня. Безкоштовна консультація!",90,https://www.prometeylabs.com/ru/internet-shop/,разработка,10,онлайн-магазин,14,RU | Разработка
PL | Пошук | Інтернет-магазини,RU | Разработка,разработка интернет магазина под ключ,ваш інтернет-магазин від $700,Ваш Інтернет-Магазин Від $700,29,Разработка Интернет Магазинов,29,Ваш Интернет Магазин Под Ключ,29,Создание Интернет Магазина,26,Бесплатная Поддержка 12 Мес,27,Довічна Гарантія На Наш Код,27,Запустим Магазин За 3 Недели,28,Магазин Під Ключ За 3 Тижні,27,1 Рік Підтримки Безкоштовно,27,Удобная Админка Под Ваш Бизнес,30,Нова Пошта | CRM | Платежі,26,Сайт Без Сбоев И Зависаний,26,SEO-Оптимизация С Первого Дня,29,Перенесем С Prom / Rozetka,26,Запустите Продажи За 3 Недели,29,"Ваш бизнес онлайн за 21 день! Премиум дизайн, мобильная версия, SEO-оптимизация. Под ключ!",90,"Создадим магазин, который продает 24/7. Автоматизация, дизайн и маркетинг, SEO. Кликайте!",89,"Магазин під ключ від $700 за 3 тижні. Чистий код, 1 рік безкоштовної підтримки, гарантія",88,"Онлайн оплати, Нова Пошта, CRM, все під ключ. SEO з першого дня. Безкоштовна консультація!",90,https://www.prometeylabs.com/ru/internet-shop/,разработка,10,онлайн-магазин,14,RU | Разработка
PL | Пошук | Інтернет-магазини,RU | Разработка,интернет магазин разработка,ваш інтернет-магазин від $700,Ваш Інтернет-Магазин Від $700,29,Разработка Интернет Магазинов,29,Ваш Интернет Магазин Под Ключ,29,Создание Интернет Магазина,26,Бесплатная Поддержка 12 Мес,27,Довічна Гарантія На Наш Код,27,Запустим Магазин За 3 Недели,28,Магазин Під Ключ За 3 Тижні,27,1 Рік Підтримки Безкоштовно,27,Удобная Админка Под Ваш Бизнес,30,Нова Пошта | CRM | Платежі,26,Сайт Без Сбоев И Зависаний,26,SEO-Оптимизация С Первого Дня,29,Перенесем С Prom / Rozetka,26,Запустите Продажи За 3 Недели,29,"Ваш бизнес онлайн за 21 день! Премиум дизайн, мобильная версия, SEO-оптимизация. Под ключ!",90,"Создадим магазин, который продает 24/7. Автоматизация, дизайн и маркетинг, SEO. Кликайте!",89,"Магазин під ключ від $700 за 3 тижні. Чистий код, 1 рік безкоштовної підтримки, гарантія",88,"Онлайн оплати, Нова Пошта, CRM, все під ключ. SEO з першого дня. Безкоштовна консультація!",90,https://www.prometeylabs.com/ru/internet-shop/,разработка,10,онлайн-магазин,14,RU | Разработка
PL | Пошук | Інтернет-магазини,RU | Разработка,разработка сайта интернет магазина,ваш інтернет-магазин від $700,Ваш Інтернет-Магазин Від $700,29,Разработка Интернет Магазинов,29,Ваш Интернет Магазин Под Ключ,29,Создание Интернет Магазина,26,Бесплатная Поддержка 12 Мес,27,Довічна Гарантія На Наш Код,27,Запустим Магазин За 3 Недели,28,Магазин Під Ключ За 3 Тижні,27,1 Рік Підтримки Безкоштовно,27,Удобная Админка Под Ваш Бизнес,30,Нова Пошта | CRM | Платежі,26,Сайт Без Сбоев И Зависаний,26,SEO-Оптимизация С Первого Дня,29,Перенесем С Prom / Rozetka,26,Запустите Продажи За 3 Недели,29,"Ваш бизнес онлайн за 21 день! Премиум дизайн, мобильная версия, SEO-оптимизация. Под ключ!",90,"Создадим магазин, который продает 24/7. Автоматизация, дизайн и маркетинг, SEO. Кликайте!",89,"Магазин під ключ від $700 за 3 тижні. Чистий код, 1 рік безкоштовної підтримки, гарантія",88,"Онлайн оплати, Нова Пошта, CRM, все під ключ. SEO з першого дня. Безкоштовна консультація!",90,https://www.prometeylabs.com/ru/internet-shop/,разработка,10,онлайн-магазин,14,RU | Разработка
PL | Пошук | Інтернет-магазини,RU | Разработка,разработка интернет магазина цена,ваш інтернет-магазин від $700,Ваш Інтернет-Магазин Від $700,29,Разработка Интернет Магазинов,29,Ваш Интернет Магазин Под Ключ,29,Создание Интернет Магазина,26,Бесплатная Поддержка 12 Мес,27,Довічна Гарантія На Наш Код,27,Запустим Магазин За 3 Недели,28,Магазин Під Ключ За 3 Тижні,27,1 Рік Підтримки Безкоштовно,27,Удобная Админка Под Ваш Бизнес,30,Нова Пошта | CRM | Платежі,26,Сайт Без Сбоев И Зависаний,26,SEO-Оптимизация С Первого Дня,29,Перенесем С Prom / Rozetka,26,Запустите Продажи За 3 Недели,29,"Ваш бизнес онлайн за 21 день! Премиум дизайн, мобильная версия, SEO-оптимизация. Под ключ!",90,"Создадим магазин, который продает 24/7. Автоматизация, дизайн и маркетинг, SEO. Кликайте!",89,"Магазин під ключ від $700 за 3 тижні. Чистий код, 1 рік безкоштовної підтримки, гарантія",88,"Онлайн оплати, Нова Пошта, CRM, все під ключ. SEO з першого дня. Безкоштовна консультація!",90,https://www.prometeylabs.com/ru/internet-shop/,разработка,10,онлайн-магазин,14,RU | Разработка
PL | Пошук | Інтернет-магазини,RU | Разработка,разработать интернет магазин под ключ,ваш інтернет-магазин від $700,Ваш Інтернет-Магазин Від $700,29,Разработка Интернет Магазинов,29,Ваш Интернет Магазин Под Ключ,29,Создание Интернет Магазина,26,Бесплатная Поддержка 12 Мес,27,Довічна Гарантія На Наш Код,27,Запустим Магазин За 3 Недели,28,Магазин Під Ключ За 3 Тижні,27,1 Рік Підтримки Безкоштовно,27,Удобная Админка Под Ваш Бизнес,30,Нова Пошта | CRM | Платежі,26,Сайт Без Сбоев И Зависаний,26,SEO-Оптимизация С Первого Дня,29,Перенесем С Prom / Rozetka,26,Запустите Продажи За 3 Недели,29,"Ваш бизнес онлайн за 21 день! Премиум дизайн, мобильная версия, SEO-оптимизация. Под ключ!",90,"Создадим магазин, который продает 24/7. Автоматизация, дизайн и маркетинг, SEO. Кликайте!",89,"Магазин під ключ від $700 за 3 тижні. Чистий код, 1 рік безкоштовної підтримки, гарантія",88,"Онлайн оплати, Нова Пошта, CRM, все під ключ. SEO з першого дня. Безкоштовна консультація!",90,https://www.prometeylabs.com/ru/internet-shop/,разработка,10,онлайн-магазин,14,RU | Разработка
PL | Пошук | Інтернет-магазини,RU | Под ключ,интернет магазины под ключ,ваш інтернет-магазин від $700,Ваш Інтернет-Магазин Від $700,29,Цена Интернет Магазин Под Ключ,30,Интернет Магазины Под Ключ,26,Изготовление Интернет Магазина,30,Бесплатная Поддержка 12 Мес,27,Довічна Гарантія На Наш Код,27,Запустим Магазин За 3 Недели,28,Магазин Під Ключ За 3 Тижні,27,1 Рік Підтримки Безкоштовно,27,Удобная Админка Под Ваш Бизнес,30,Нова Пошта | CRM | Платежі,26,Сайт Без Сбоев И Зависаний,26,SEO-Оптимизация С Первого Дня,29,Перенесем С Prom / Rozetka,26,Запустите Продажи За 3 Недели,29,"Ваш бизнес онлайн за 21 день! Премиум дизайн, мобильная версия, SEO-оптимизация. Под ключ!",90,"Создадим магазин, который продает 24/7. Автоматизация, дизайн и маркетинг, SEO. Кликайте!",89,"Магазин під ключ від $700 за 3 тижні. Чистий код, 1 рік безкоштовної підтримки, гарантія",88,"Онлайн оплати, Нова Пошта, CRM, все під ключ. SEO з першого дня. Безкоштовна консультація!",90,https://www.prometeylabs.com/ru/internet-shop/,онлайн-магазин,14,под-ключ,8,RU | Под ключ
PL | Пошук | Інтернет-магазини,RU | Под ключ,стоимость интернет магазина под ключ,ваш інтернет-магазин від $700,Ваш Інтернет-Магазин Від $700,29,Цена Интернет Магазин Под Ключ,30,Интернет Магазины Под Ключ,26,Изготовление Интернет Магазина,30,Бесплатная Поддержка 12 Мес,27,Довічна Гарантія На Наш Код,27,Запустим Магазин За 3 Недели,28,Магазин Під Ключ За 3 Тижні,27,1 Рік Підтримки Безкоштовно,27,Удобная Админка Под Ваш Бизнес,30,Нова Пошта | CRM | Платежі,26,Сайт Без Сбоев И Зависаний,26,SEO-Оптимизация С Первого Дня,29,Перенесем С Prom / Rozetka,26,Запустите Продажи За 3 Недели,29,"Ваш бизнес онлайн за 21 день! Премиум дизайн, мобильная версия, SEO-оптимизация. Под ключ!",90,"Создадим магазин, который продает 24/7. Автоматизация, дизайн и маркетинг, SEO. Кликайте!",89,"Магазин під ключ від $700 за 3 тижні. Чистий код, 1 рік безкоштовної підтримки, гарантія",88,"Онлайн оплати, Нова Пошта, CRM, все під ключ. SEO з першого дня. Безкоштовна консультація!",90,https://www.prometeylabs.com/ru/internet-shop/,онлайн-магазин,14,под-ключ,8,RU | Под ключ
PL | Пошук | Інтернет-магазини,RU | Под ключ,интернет магазин под ключ цена,ваш інтернет-магазин від $700,Ваш Інтернет-Магазин Від $700,29,Цена Интернет Магазин Под Ключ,30,Интернет Магазины Под Ключ,26,Изготовление Интернет Магазина,30,Бесплатная Поддержка 12 Мес,27,Довічна Гарантія На Наш Код,27,Запустим Магазин За 3 Недели,28,Магазин Під Ключ За 3 Тижні,27,1 Рік Підтримки Безкоштовно,27,Удобная Админка Под Ваш Бизнес,30,Нова Пошта | CRM | Платежі,26,Сайт Без Сбоев И Зависаний,26,SEO-Оптимизация С Первого Дня,29,Перенесем С Prom / Rozetka,26,Запустите Продажи За 3 Недели,29,"Ваш бизнес онлайн за 21 день! Премиум дизайн, мобильная версия, SEO-оптимизация. Под ключ!",90,"Создадим магазин, который продает 24/7. Автоматизация, дизайн и маркетинг, SEO. Кликайте!",89,"Магазин під ключ від $700 за 3 тижні. Чистий код, 1 рік безкоштовної підтримки, гарантія",88,"Онлайн оплати, Нова Пошта, CRM, все під ключ. SEO з першого дня. Безкоштовна консультація!",90,https://www.prometeylabs.com/ru/internet-shop/,онлайн-магазин,14,под-ключ,8,RU | Под ключ
PL | Пошук | Інтернет-магазини,RU | Под ключ,сделать интернет магазин,ваш інтернет-магазин від $700,Ваш Інтернет-Магазин Від $700,29,Цена Интернет Магазин Под Ключ,30,Интернет Магазины Под Ключ,26,Изготовление Интернет Магазина,30,Бесплатная Поддержка 12 Мес,27,Довічна Гарантія На Наш Код,27,Запустим Магазин За 3 Недели,28,Магазин Під Ключ За 3 Тижні,27,1 Рік Підтримки Безкоштовно,27,Удобная Админка Под Ваш Бизнес,30,Нова Пошта | CRM | Платежі,26,Сайт Без Сбоев И Зависаний,26,SEO-Оптимизация С Первого Дня,29,Перенесем С Prom / Rozetka,26,Запустите Продажи За 3 Недели,29,"Ваш бизнес онлайн за 21 день! Премиум дизайн, мобильная версия, SEO-оптимизация. Под ключ!",90,"Создадим магазин, который продает 24/7. Автоматизация, дизайн и маркетинг, SEO. Кликайте!",89,"Магазин під ключ від $700 за 3 тижні. Чистий код, 1 рік безкоштовної підтримки, гарантія",88,"Онлайн оплати, Нова Пошта, CRM, все під ключ. SEO з першого дня. Безкоштовна консультація!",90,https://www.prometeylabs.com/ru/internet-shop/,онлайн-магазин,14,под-ключ,8,RU | Под ключ
PL | Пошук | Інтернет-магазини,RU | Под ключ,изготовление интернет магазина,ваш інтернет-магазин від $700,Ваш Інтернет-Магазин Від $700,29,Цена Интернет Магазин Под Ключ,30,Интернет Магазины Под Ключ,26,Изготовление Интернет Магазина,30,Бесплатная Поддержка 12 Мес,27,Довічна Гарантія На Наш Код,27,Запустим Магазин За 3 Недели,28,Магазин Під Ключ За 3 Тижні,27,1 Рік Підтримки Безкоштовно,27,Удобная Админка Под Ваш Бизнес,30,Нова Пошта | CRM | Платежі,26,Сайт Без Сбоев И Зависаний,26,SEO-Оптимизация С Первого Дня,29,Перенесем С Prom / Rozetka,26,Запустите Продажи За 3 Недели,29,"Ваш бизнес онлайн за 21 день! Премиум дизайн, мобильная версия, SEO-оптимизация. Под ключ!",90,"Создадим магазин, который продает 24/7. Автоматизация, дизайн и маркетинг, SEO. Кликайте!",89,"Магазин під ключ від $700 за 3 тижні. Чистий код, 1 рік безкоштовної підтримки, гарантія",88,"Онлайн оплати, Нова Пошта, CRM, все під ключ. SEO з першого дня. Безкоштовна консультація!",90,https://www.prometeylabs.com/ru/internet-shop/,онлайн-магазин,14,под-ключ,8,RU | Под ключ
PL | Пошук | Інтернет-магазини,RU | Под ключ,изготовление интернет магазина под ключ,ваш інтернет-магазин від $700,Ваш Інтернет-Магазин Від $700,29,Цена Интернет Магазин Под Ключ,30,Интернет Магазины Под Ключ,26,Изготовление Интернет Магазина,30,Бесплатная Поддержка 12 Мес,27,Довічна Гарантія На Наш Код,27,Запустим Магазин За 3 Недели,28,Магазин Під Ключ За 3 Тижні,27,1 Рік Підтримки Безкоштовно,27,Удобная Админка Под Ваш Бизнес,30,Нова Пошта | CRM | Платежі,26,Сайт Без Сбоев И Зависаний,26,SEO-Оптимизация С Первого Дня,29,Перенесем С Prom / Rozetka,26,Запустите Продажи За 3 Недели,29,"Ваш бизнес онлайн за 21 день! Премиум дизайн, мобильная версия, SEO-оптимизация. Под ключ!",90,"Создадим магазин, который продает 24/7. Автоматизация, дизайн и маркетинг, SEO. Кликайте!",89,"Магазин під ключ від $700 за 3 тижні. Чистий код, 1 рік безкоштовної підтримки, гарантія",88,"Онлайн оплати, Нова Пошта, CRM, все під ключ. SEO з першого дня. Безкоштовна консультація!",90,https://www.prometeylabs.com/ru/internet-shop/,онлайн-магазин,14,под-ключ,8,RU | Под ключ
PL | Пошук | Інтернет-магазини,RU | Под ключ,открытие своего интернет магазина,ваш інтернет-магазин від $700,Ваш Інтернет-Магазин Від $700,29,Цена Интернет Магазин Под Ключ,30,Интернет Магазины Под Ключ,26,Изготовление Интернет Магазина,30,Бесплатная Поддержка 12 Мес,27,Довічна Гарантія На Наш Код,27,Запустим Магазин За 3 Недели,28,Магазин Під Ключ За 3 Тижні,27,1 Рік Підтримки Безкоштовно,27,Удобная Админка Под Ваш Бизнес,30,Нова Пошта | CRM | Платежі,26,Сайт Без Сбоев И Зависаний,26,SEO-Оптимизация С Первого Дня,29,Перенесем С Prom / Rozetka,26,Запустите Продажи За 3 Недели,29,"Ваш бизнес онлайн за 21 день! Премиум дизайн, мобильная версия, SEO-оптимизация. Под ключ!",90,"Создадим магазин, который продает 24/7. Автоматизация, дизайн и маркетинг, SEO. Кликайте!",89,"Магазин під ключ від $700 за 3 тижні. Чистий код, 1 рік безкоштовної підтримки, гарантія",88,"Онлайн оплати, Нова Пошта, CRM, все під ключ. SEO з першого дня. Безкоштовна консультація!",90,https://www.prometeylabs.com/ru/internet-shop/,онлайн-магазин,14,под-ключ,8,RU | Под ключ
PL | Пошук | Інтернет-магазини,RU | Заказать,заказать интернет магазин под ключ,ваш інтернет-магазин від $700,Ваш Інтернет-Магазин Від $700,29,Ваш Интернет Магазин Под Ключ,29,Заказать Свой Интернет Магазин,30,Создание Интернет Магазина,26,Бесплатная Поддержка 12 Мес,27,Довічна Гарантія На Наш Код,27,Запустим Магазин За 3 Недели,28,Магазин Під Ключ За 3 Тижні,27,1 Рік Підтримки Безкоштовно,27,Удобная Админка Под Ваш Бизнес,30,Нова Пошта | CRM | Платежі,26,Сайт Без Сбоев И Зависаний,26,SEO-Оптимизация С Первого Дня,29,Перенесем С Prom / Rozetka,26,Запустите Продажи За 3 Недели,29,"Ваш бизнес онлайн за 21 день! Премиум дизайн, мобильная версия, SEO-оптимизация. Под ключ!",90,"Создадим магазин, который продает 24/7. Автоматизация, дизайн и маркетинг, SEO. Кликайте!",89,"Магазин під ключ від $700 за 3 тижні. Чистий код, 1 рік безкоштовної підтримки, гарантія",88,"Онлайн оплати, Нова Пошта, CRM, все під ключ. SEO з першого дня. Безкоштовна консультація!",90,https://www.prometeylabs.com/ru/internet-shop/,заказать,8,онлайн-магазин,14,RU | Заказать
PL | Пошук | Інтернет-магазини,RU | Заказать,заказать создание интернет магазина,ваш інтернет-магазин від $700,Ваш Інтернет-Магазин Від $700,29,Ваш Интернет Магазин Под Ключ,29,Заказать Свой Интернет Магазин,30,Создание Интернет Магазина,26,Бесплатная Поддержка 12 Мес,27,Довічна Гарантія На Наш Код,27,Запустим Магазин За 3 Недели,28,Магазин Під Ключ За 3 Тижні,27,1 Рік Підтримки Безкоштовно,27,Удобная Админка Под Ваш Бизнес,30,Нова Пошта | CRM | Платежі,26,Сайт Без Сбоев И Зависаний,26,SEO-Оптимизация С Первого Дня,29,Перенесем С Prom / Rozetka,26,Запустите Продажи За 3 Недели,29,"Ваш бизнес онлайн за 21 день! Премиум дизайн, мобильная версия, SEO-оптимизация. Под ключ!",90,"Создадим магазин, который продает 24/7. Автоматизация, дизайн и маркетинг, SEO. Кликайте!",89,"Магазин під ключ від $700 за 3 тижні. Чистий код, 1 рік безкоштовної підтримки, гарантія",88,"Онлайн оплати, Нова Пошта, CRM, все під ключ. SEO з першого дня. Безкоштовна консультація!",90,https://www.prometeylabs.com/ru/internet-shop/,заказать,8,онлайн-магазин,14,RU | Заказать
PL | Пошук | Інтернет-магазини,RU | Заказать,заказать разработку интернет магазина,ваш інтернет-магазин від $700,Ваш Інтернет-Магазин Від $700,29,Ваш Интернет Магазин Под Ключ,29,Заказать Свой Интернет Магазин,30,Создание Интернет Магазина,26,Бесплатная Поддержка 12 Мес,27,Довічна Гарантія На Наш Код,27,Запустим Магазин За 3 Недели,28,Магазин Під Ключ За 3 Тижні,27,1 Рік Підтримки Безкоштовно,27,Удобная Админка Под Ваш Бизнес,30,Нова Пошта | CRM | Платежі,26,Сайт Без Сбоев И Зависаний,26,SEO-Оптимизация С Первого Дня,29,Перенесем С Prom / Rozetka,26,Запустите Продажи За 3 Недели,29,"Ваш бизнес онлайн за 21 день! Премиум дизайн, мобильная версия, SEO-оптимизация. Под ключ!",90,"Создадим магазин, который продает 24/7. Автоматизация, дизайн и маркетинг, SEO. Кликайте!",89,"Магазин під ключ від $700 за 3 тижні. Чистий код, 1 рік безкоштовної підтримки, гарантія",88,"Онлайн оплати, Нова Пошта, CRM, все під ключ. SEO з першого дня. Безкоштовна консультація!",90,https://www.prometeylabs.com/ru/internet-shop/,заказать,8,онлайн-магазин,14,RU | Заказать
PL | Пошук | Інтернет-магазини,RU | Заказать,заказать разработку интернет магазин,ваш інтернет-магазин від $700,Ваш Інтернет-Магазин Від $700,29,Ваш Интернет Магазин Под Ключ,29,Заказать Свой Интернет Магазин,30,Создание Интернет Магазина,26,Бесплатная Поддержка 12 Мес,27,Довічна Гарантія На Наш Код,27,Запустим Магазин За 3 Недели,28,Магазин Під Ключ За 3 Тижні,27,1 Рік Підтримки Безкоштовно,27,Удобная Админка Под Ваш Бизнес,30,Нова Пошта | CRM | Платежі,26,Сайт Без Сбоев И Зависаний,26,SEO-Оптимизация С Первого Дня,29,Перенесем С Prom / Rozetka,26,Запустите Продажи За 3 Недели,29,"Ваш бизнес онлайн за 21 день! Премиум дизайн, мобильная версия, SEO-оптимизация. Под ключ!",90,"Создадим магазин, который продает 24/7. Автоматизация, дизайн и маркетинг, SEO. Кликайте!",89,"Магазин під ключ від $700 за 3 тижні. Чистий код, 1 рік безкоштовної підтримки, гарантія",88,"Онлайн оплати, Нова Пошта, CRM, все під ключ. SEO з першого дня. Безкоштовна консультація!",90,https://www.prometeylabs.com/ru/internet-shop/,заказать,8,онлайн-магазин,14,RU | Заказать
PL | Пошук | Інтернет-магазини,RU | Заказать,заказать интернет магазин под ключ цена,ваш інтернет-магазин від $700,Ваш Інтернет-Магазин Від $700,29,Ваш Интернет Магазин Под Ключ,29,Заказать Свой Интернет Магазин,30,Создание Интернет Магазина,26,Бесплатная Поддержка 12 Мес,27,Довічна Гарантія На Наш Код,27,Запустим Магазин За 3 Недели,28,Магазин Під Ключ За 3 Тижні,27,1 Рік Підтримки Безкоштовно,27,Удобная Админка Под Ваш Бизнес,30,Нова Пошта | CRM | Платежі,26,Сайт Без Сбоев И Зависаний,26,SEO-Оптимизация С Первого Дня,29,Перенесем С Prom / Rozetka,26,Запустите Продажи За 3 Недели,29,"Ваш бизнес онлайн за 21 день! Премиум дизайн, мобильная версия, SEO-оптимизация. Под ключ!",90,"Создадим магазин, который продает 24/7. Автоматизация, дизайн и маркетинг, SEO. Кликайте!",89,"Магазин під ключ від $700 за 3 тижні. Чистий код, 1 рік безкоштовної підтримки, гарантія",88,"Онлайн оплати, Нова Пошта, CRM, все під ключ. SEO з першого дня. Безкоштовна консультація!",90,https://www.prometeylabs.com/ru/internet-shop/,заказать,8,онлайн-магазин,14,RU | Заказать
PL | Пошук | Інтернет-магазини,RU | Дропшиппинг,создание сайта для дропшиппинга,ваш інтернет-магазин від $700,Ваш Інтернет-Магазин Від $700,29,Создать Дропшиппинг Платформу,29,Создать Сайт Для Дропшиппинга,29,Интернет Магазины Под Ключ,26,Бесплатная Поддержка 12 Мес,27,Довічна Гарантія На Наш Код,27,Запустим Магазин За 3 Недели,28,Магазин Під Ключ За 3 Тижні,27,1 Рік Підтримки Безкоштовно,27,Удобная Админка Под Ваш Бизнес,30,Нова Пошта | CRM | Платежі,26,Сайт Без Сбоев И Зависаний,26,SEO-Оптимизация С Первого Дня,29,Перенесем С Prom / Rozetka,26,Запустите Продажи За 3 Недели,29,"Ваш бизнес онлайн за 21 день! Премиум дизайн, мобильная версия, SEO-оптимизация. Под ключ!",90,"Создадим магазин, который продает 24/7. Автоматизация, дизайн и маркетинг, SEO. Кликайте!",89,"Магазин під ключ від $700 за 3 тижні. Чистий код, 1 рік безкоштовної підтримки, гарантія",88,"Онлайн оплати, Нова Пошта, CRM, все під ключ. SEO з першого дня. Безкоштовна консультація!",90,https://www.prometeylabs.com/ru/internet-shop/,создание,8,дропшиппинг,11,RU | Дропшиппинг
PL | Пошук | Інтернет-магазини,RU | Дропшиппинг,создать дропшиппинг платформу,ваш інтернет-магазин від $700,Ваш Інтернет-Магазин Від $700,29,Создать Дропшиппинг Платформу,29,Создать Сайт Для Дропшиппинга,29,Интернет Магазины Под Ключ,26,Бесплатная Поддержка 12 Мес,27,Довічна Гарантія На Наш Код,27,Запустим Магазин За 3 Недели,28,Магазин Під Ключ За 3 Тижні,27,1 Рік Підтримки Безкоштовно,27,Удобная Админка Под Ваш Бизнес,30,Нова Пошта | CRM | Платежі,26,Сайт Без Сбоев И Зависаний,26,SEO-Оптимизация С Первого Дня,29,Перенесем С Prom / Rozetka,26,Запустите Продажи За 3 Недели,29,"Ваш бизнес онлайн за 21 день! Премиум дизайн, мобильная версия, SEO-оптимизация. Под ключ!",90,"Создадим магазин, который продает 24/7. Автоматизация, дизайн и маркетинг, SEO. Кликайте!",89,"Магазин під ключ від $700 за 3 тижні. Чистий код, 1 рік безкоштовної підтримки, гарантія",88,"Онлайн оплати, Нова Пошта, CRM, все під ключ. SEO з першого дня. Безкоштовна консультація!",90,https://www.prometeylabs.com/ru/internet-shop/,создание,8,дропшиппинг,11,RU | Дропшиппинг
PL | Пошук | Інтернет-магазини,RU | Дропшиппинг,создать сайт для дропшиппинга,ваш інтернет-магазин від $700,Ваш Інтернет-Магазин Від $700,29,Создать Дропшиппинг Платформу,29,Создать Сайт Для Дропшиппинга,29,Интернет Магазины Под Ключ,26,Бесплатная Поддержка 12 Мес,27,Довічна Гарантія На Наш Код,27,Запустим Магазин За 3 Недели,28,Магазин Під Ключ За 3 Тижні,27,1 Рік Підтримки Безкоштовно,27,Удобная Админка Под Ваш Бизнес,30,Нова Пошта | CRM | Платежі,26,Сайт Без Сбоев И Зависаний,26,SEO-Оптимизация С Первого Дня,29,Перенесем С Prom / Rozetka,26,Запустите Продажи За 3 Недели,29,"Ваш бизнес онлайн за 21 день! Премиум дизайн, мобильная версия, SEO-оптимизация. Под ключ!",90,"Создадим магазин, который продает 24/7. Автоматизация, дизайн и маркетинг, SEO. Кликайте!",89,"Магазин під ключ від $700 за 3 тижні. Чистий код, 1 рік безкоштовної підтримки, гарантія",88,"Онлайн оплати, Нова Пошта, CRM, все під ключ. SEO з першого дня. Безкоштовна консультація!",90,https://www.prometeylabs.com/ru/internet-shop/,создание,8,дропшиппинг,11,RU | Дропшиппинг
PL | Пошук | Інтернет-магазини,UA | Створення,створення інтернет магазину,ваш інтернет-магазин від $700,Ваш Інтернет-Магазин Від $700,29,Створення Інтернет Магазину,27,Ваш Інтернет Магазин Під Ключ,29,Розробка Від $700 Під Ключ,26,Безкоштовна Підтримка 12 Міс,28,Довічна Гарантія На Наш Код,27,Запустимо Магазин За 3 Тижні,28,Магазин Під Ключ За 3 Тижні,27,1 Рік Підтримки Безкоштовно,27,Зручна Адмінка Під Ваш Бізнес,29,Нова Пошта | CRM | Платежі,26,Сайт Без Зламів Та Зависань,27,SEO-Оптимізація З Першого Дня,29,Перенесемо З Prom / Rozetka,27,Запустіть Продажі За 3 Тижні,28,"Створимо магазин, що продає 24/7. Автоматизація замовлень, дизайн та маркетинг. Тисніть!",88,"Ваш бізнес онлайн за 21 день! Преміум дизайн, мобільна версія, SEO-оптимізація. Замовляйте",90,"Магазин під ключ від $700 за 3 тижні. Чистий код, 1 рік безкоштовної підтримки, гарантія",88,"Онлайн оплати, Нова Пошта, CRM, все під ключ. SEO з першого дня. Безкоштовна консультація!",90,https://www.prometeylabs.com/internet-shop/,створення,9,онлайн-магазин,14,UA | Створення
PL | Пошук | Інтернет-магазини,UA | Створення,створення інтернет магазину ціна,ваш інтернет-магазин від $700,Ваш Інтернет-Магазин Від $700,29,Створення Інтернет Магазину,27,Ваш Інтернет Магазин Під Ключ,29,Розробка Від $700 Під Ключ,26,Безкоштовна Підтримка 12 Міс,28,Довічна Гарантія На Наш Код,27,Запустимо Магазин За 3 Тижні,28,Магазин Під Ключ За 3 Тижні,27,1 Рік Підтримки Безкоштовно,27,Зручна Адмінка Під Ваш Бізнес,29,Нова Пошта | CRM | Платежі,26,Сайт Без Зламів Та Зависань,27,SEO-Оптимізація З Першого Дня,29,Перенесемо З Prom / Rozetka,27,Запустіть Продажі За 3 Тижні,28,"Створимо магазин, що продає 24/7. Автоматизація замовлень, дизайн та маркетинг. Тисніть!",88,"Ваш бізнес онлайн за 21 день! Преміум дизайн, мобільна версія, SEO-оптимізація. Замовляйте",90,"Магазин під ключ від $700 за 3 тижні. Чистий код, 1 рік безкоштовної підтримки, гарантія",88,"Онлайн оплати, Нова Пошта, CRM, все під ключ. SEO з першого дня. Безкоштовна консультація!",90,https://www.prometeylabs.com/internet-shop/,створення,9,онлайн-магазин,14,UA | Створення
PL | Пошук | Інтернет-магазини,UA | Створення,вартість створення інтернет магазину,ваш інтернет-магазин від $700,Ваш Інтернет-Магазин Від $700,29,Створення Інтернет Магазину,27,Ваш Інтернет Магазин Під Ключ,29,Розробка Від $700 Під Ключ,26,Безкоштовна Підтримка 12 Міс,28,Довічна Гарантія На Наш Код,27,Запустимо Магазин За 3 Тижні,28,Магазин Під Ключ За 3 Тижні,27,1 Рік Підтримки Безкоштовно,27,Зручна Адмінка Під Ваш Бізнес,29,Нова Пошта | CRM | Платежі,26,Сайт Без Зламів Та Зависань,27,SEO-Оптимізація З Першого Дня,29,Перенесемо З Prom / Rozetka,27,Запустіть Продажі За 3 Тижні,28,"Створимо магазин, що продає 24/7. Автоматизація замовлень, дизайн та маркетинг. Тисніть!",88,"Ваш бізнес онлайн за 21 день! Преміум дизайн, мобільна версія, SEO-оптимізація. Замовляйте",90,"Магазин під ключ від $700 за 3 тижні. Чистий код, 1 рік безкоштовної підтримки, гарантія",88,"Онлайн оплати, Нова Пошта, CRM, все під ключ. SEO з першого дня. Безкоштовна консультація!",90,https://www.prometeylabs.com/internet-shop/,створення,9,онлайн-магазин,14,UA | Створення
PL | Пошук | Інтернет-магазини,UA | Створення,створення сайту інтернет магазину,ваш інтернет-магазин від $700,Ваш Інтернет-Магазин Від $700,29,Створення Інтернет Магазину,27,Ваш Інтернет Магазин Під Ключ,29,Розробка Від $700 Під Ключ,26,Безкоштовна Підтримка 12 Міс,28,Довічна Гарантія На Наш Код,27,Запустимо Магазин За 3 Тижні,28,Магазин Під Ключ За 3 Тижні,27,1 Рік Підтримки Безкоштовно,27,Зручна Адмінка Під Ваш Бізнес,29,Нова Пошта | CRM | Платежі,26,Сайт Без Зламів Та Зависань,27,SEO-Оптимізація З Першого Дня,29,Перенесемо З Prom / Rozetka,27,Запустіть Продажі За 3 Тижні,28,"Створимо магазин, що продає 24/7. Автоматизація замовлень, дизайн та маркетинг. Тисніть!",88,"Ваш бізнес онлайн за 21 день! Преміум дизайн, мобільна версія, SEO-оптимізація. Замовляйте",90,"Магазин під ключ від $700 за 3 тижні. Чистий код, 1 рік безкоштовної підтримки, гарантія",88,"Онлайн оплати, Нова Пошта, CRM, все під ключ. SEO з першого дня. Безкоштовна консультація!",90,https://www.prometeylabs.com/internet-shop/,створення,9,онлайн-магазин,14,UA | Створення
PL | Пошук | Інтернет-магазини,UA | Розробка,розробка інтернет магазину,ваш інтернет-магазин від $700,Ваш Інтернет-Магазин Від $700,29,Розробка Інтернет Магазину,26,Ваш Інтернет Магазин Під Ключ,29,Розробка Від $700 Під Ключ,26,Безкоштовна Підтримка 12 Міс,28,Довічна Гарантія На Наш Код,27,Запустимо Магазин За 3 Тижні,28,Магазин Під Ключ За 3 Тижні,27,1 Рік Підтримки Безкоштовно,27,Зручна Адмінка Під Ваш Бізнес,29,Нова Пошта | CRM | Платежі,26,Сайт Без Зламів Та Зависань,27,SEO-Оптимізація З Першого Дня,29,Перенесемо З Prom / Rozetka,27,Запустіть Продажі За 3 Тижні,28,"Створимо магазин, що продає 24/7. Автоматизація замовлень, дизайн та маркетинг. Тисніть!",88,"Ваш бізнес онлайн за 21 день! Преміум дизайн, мобільна версія, SEO-оптимізація. Замовляйте",90,"Магазин під ключ від $700 за 3 тижні. Чистий код, 1 рік безкоштовної підтримки, гарантія",88,"Онлайн оплати, Нова Пошта, CRM, все під ключ. SEO з першого дня. Безкоштовна консультація!",90,https://www.prometeylabs.com/internet-shop/,розробка,8,онлайн-магазин,14,UA | Розробка
PL | Пошук | Інтернет-магазини,UA | Розробка,розробка інтернет магазину ціна,ваш інтернет-магазин від $700,Ваш Інтернет-Магазин Від $700,29,Розробка Інтернет Магазину,26,Ваш Інтернет Магазин Під Ключ,29,Розробка Від $700 Під Ключ,26,Безкоштовна Підтримка 12 Міс,28,Довічна Гарантія На Наш Код,27,Запустимо Магазин За 3 Тижні,28,Магазин Під Ключ За 3 Тижні,27,1 Рік Підтримки Безкоштовно,27,Зручна Адмінка Під Ваш Бізнес,29,Нова Пошта | CRM | Платежі,26,Сайт Без Зламів Та Зависань,27,SEO-Оптимізація З Першого Дня,29,Перенесемо З Prom / Rozetka,27,Запустіть Продажі За 3 Тижні,28,"Створимо магазин, що продає 24/7. Автоматизація замовлень, дизайн та маркетинг. Тисніть!",88,"Ваш бізнес онлайн за 21 день! Преміум дизайн, мобільна версія, SEO-оптимізація. Замовляйте",90,"Магазин під ключ від $700 за 3 тижні. Чистий код, 1 рік безкоштовної підтримки, гарантія",88,"Онлайн оплати, Нова Пошта, CRM, все під ключ. SEO з першого дня. Безкоштовна консультація!",90,https://www.prometeylabs.com/internet-shop/,розробка,8,онлайн-магазин,14,UA | Розробка
PL | Пошук | Інтернет-магазини,UA | Розробка,розробка сайту інтернет магазину,ваш інтернет-магазин від $700,Ваш Інтернет-Магазин Від $700,29,Розробка Інтернет Магазину,26,Ваш Інтернет Магазин Під Ключ,29,Розробка Від $700 Під Ключ,26,Безкоштовна Підтримка 12 Міс,28,Довічна Гарантія На Наш Код,27,Запустимо Магазин За 3 Тижні,28,Магазин Під Ключ За 3 Тижні,27,1 Рік Підтримки Безкоштовно,27,Зручна Адмінка Під Ваш Бізнес,29,Нова Пошта | CRM | Платежі,26,Сайт Без Зламів Та Зависань,27,SEO-Оптимізація З Першого Дня,29,Перенесемо З Prom / Rozetka,27,Запустіть Продажі За 3 Тижні,28,"Створимо магазин, що продає 24/7. Автоматизація замовлень, дизайн та маркетинг. Тисніть!",88,"Ваш бізнес онлайн за 21 день! Преміум дизайн, мобільна версія, SEO-оптимізація. Замовляйте",90,"Магазин під ключ від $700 за 3 тижні. Чистий код, 1 рік безкоштовної підтримки, гарантія",88,"Онлайн оплати, Нова Пошта, CRM, все під ключ. SEO з першого дня. Безкоштовна консультація!",90,https://www.prometeylabs.com/internet-shop/,розробка,8,онлайн-магазин,14,UA | Розробка
,,,,,0,,0,,0,,0,,0,,0,,0,,0,,0,,0,,0,,0,,0,,0,,0,,0,,0,,0,,0,,,0,,0,
,,,,,0,,0,,0,,0,,0,,0,,0,,0,,0,,0,,0,,0,,0,,0,,0,,0,,0,,0,,0,,,0,,0,
,,,,,0,,0,,0,,0,,0,,0,,0,,0,,0,,0,,0,,0,,0,,0,,0,,0,,0,,0,,0,,,0,,0,
,,,,,0,,0,,0,,0,,0,,0,,0,,0,,0,,0,,0,,0,,0,,0,,0,,0,,0,,0,,0,,,0,,0,
,,,,,0,,0,,0,,0,,0,,0,,0,,0,,0,,0,,0,,0,,0,,0,,0,,0,,0,,0,,0,,,0,,0,
,,,,,0,,0,,0,,0,,0,,0,,0,,0,,0,,0,,0,,0,,0,,0,,0,,0,,0,,0,,0,,,0,,0,
,,,,,0,,0,,0,,0,,0,,0,,0,,0,,0,,0,,0,,0,,0,,0,,0,,0,,0,,0,,0,,,0,,0,
,,,,,0,,0,,0,,0,,0,,0,,0,,0,,0,,0,,0,,0,,0,,0,,0,,0,,0,,0,,0,,,0,,0,
,,,,,0,,0,,0,,0,,0,,0,,0,,0,,0,,0,,0,,0,,0,,0,,0,,0,,0,,0,,0,,,0,,0,
,,,,,0,,0,,0,,0,,0,,0,,0,,0,,0,,0,,0,,0,,0,,0,,0,,0,,0,,0,,0,,,0,,0,
,,,,,0,,0,,0,,0,,0,,0,,0,,0,,0,,0,,0,,0,,0,,0,,0,,0,,0,,0,,0,,,0,,0,
,,,,,0,,0,,0,,0,,0,,0,,0,,0,,0,,0,,0,,0,,0,,0,,0,,0,,0,,0,,0,,,0,,0,
,,,,,0,,0,,0,,0,,0,,0,,0,,0,,0,,0,,0,,0,,0,,0,,0,,0,,0,,0,,0,,,0,,0,
,,,,,0,,0,,0,,0,,0,,0,,0,,0,,0,,0,,0,,0,,0,,0,,0,,0,,0,,0,,0,,,0,,0,
,,,,,0,,0,,0,,0,,0,,0,,0,,0,,0,,0,,0,,0,,0,,0,,0,,0,,0,,0,,0,,,0,,0,
,,,,,0,,0,,0,,0,,0,,0,,0,,0,,0,,0,,0,,0,,0,,0,,0,,0,,0,,0,,0,,,0,,0,
,,,,,0,,0,,0,,0,,0,,0,,0,,0,,0,,0,,0,,0,,0,,0,,0,,0,,0,,0,,0,,,0,,0,
,,,,,0,,0,,0,,0,,0,,0,,0,,0,,0,,0,,0,,0,,0,,0,,0,,0,,0,,0,,0,,,0,,0,
,,,,,0,,0,,0,,0,,0,,0,,0,,0,,0,,0,,0,,0,,0,,0,,0,,0,,0,,0,,0,,,0,,0,
,,,,,0,,0,,0,,0,,0,,0,,0,,0,,0,,0,,0,,0,,0,,0,,0,,0,,0,,0,,0,,,0,,0,
,,,,,0,,0,,0,,0,,0,,0,,0,,0,,0,,0,,0,,0,,0,,0,,0,,0,,0,,0,,0,,,0,,0,
,,,,,0,,0,,0,,0,,0,,0,,0,,0,,0,,0,,0,,0,,0,,0,,0,,0,,0,,0,,0,,,0,,0,
,,,,,0,,0,,0,,0,,0,,0,,0,,0,,0,,0,,0,,0,,0,,0,,0,,0,,0,,0,,0,,,0,,0,
,,,,,0,,0,,0,,0,,0,,0,,0,,0,,0,,0,,0,,0,,0,,0,,0,,0,,0,,0,,0,,,0,,0,
,,,,,0,,0,,0,,0,,0,,0,,0,,0,,0,,0,,0,,0,,0,,0,,0,,0,,0,,0,,0,,,0,,0,
,,,,,0,,0,,0,,0,,0,,0,,0,,0,,0,,0,,0,,0,,0,,0,,0,,0,,0,,0,,0,,,0,,0,
,,,,,0,,0,,0,,0,,0,,0,,0,,0,,0,,0,,0,,0,,0,,0,,0,,0,,0,,0,,0,,,0,,0,
,,,,,0,,0,,0,,0,,0,,0,,0,,0,,0,,0,,0,,0,,0,,0,,0,,0,,0,,0,,0,,,0,,0,
,,,,,0,,0,,0,,0,,0,,0,,0,,0,,0,,0,,0,,0,,0,,0,,0,,0,,0,,0,,0,,,0,,0,
,,,,,0,,0,,0,,0,,0,,0,,0,,0,,0,,0,,0,,0,,0,,0,,0,,0,,0,,0,,0,,,0,,0,
,,,,,0,,0,,0,,0,,0,,0,,0,,0,,0,,0,,0,,0,,0,,0,,0,,0,,0,,0,,0,,,0,,0,
,,,,,0,,0,,0,,0,,0,,0,,0,,0,,0,,0,,0,,0,,0,,0,,0,,0,,0,,0,,0,,,0,,0,
,,,,,0,,0,,0,,0,,0,,0,,0,,0,,0,,0,,0,,0,,0,,0,,0,,0,,0,,0,,0,,,0,,0,
,,,,,0,,0,,0,,0,,0,,0,,0,,0,,0,,0,,0,,0,,0,,0,,0,,0,,0,,0,,0,,,0,,0,
,,,,,0,,0,,0,,0,,0,,0,,0,,0,,0,,0,,0,,0,,0,,0,,0,,0,,0,,0,,0,,,0,,0,
,,,,,0,,0,,0,,0,,0,,0,,0,,0,,0,,0,,0,,0,,0,,0,,0,,0,,0,,0,,0,,,0,,0,
,,,,,0,,0,,0,,0,,0,,0,,0,,0,,0,,0,,0,,0,,0,,0,,0,,0,,0,,0,,0,,,0,,0,
,,,,,0,,0,,0,,0,,0,,0,,0,,0,,0,,0,,0,,0,,0,,0,,0,,0,,0,,0,,0,,,0,,0,
,,,,,0,,0,,0,,0,,0,,0,,0,,0,,0,,0,,0,,0,,0,,0,,0,,0,,0,,0,,0,,,0,,0,
,,,,,0,,0,,0,,0,,0,,0,,0,,0,,0,,0,,0,,0,,0,,0,,0,,0,,0,,0,,0,,,0,,0,
,,,,,0,,0,,0,,0,,0,,0,,0,,0,,0,,0,,0,,0,,0,,0,,0,,0,,0,,0,,0,,,0,,0,
,,,,,0,,0,,0,,0,,0,,0,,0,,0,,0,,0,,0,,0,,0,,0,,0,,0,,0,,0,,0,,,0,,0,
,,,,,0,,0,,0,,0,,0,,0,,0,,0,,0,,0,,0,,0,,0,,0,,0,,0,,0,,0,,0,,,0,,0,
,,,,,0,,0,,0,,0,,0,,0,,0,,0,,0,,0,,0,,0,,0,,0,,0,,0,,0,,0,,0,,,0,,0,
,,,,,0,,0,,0,,0,,0,,0,,0,,0,,0,,0,,0,,0,,0,,0,,0,,0,,0,,0,,0,,,0,,0,
,,,,,0,,0,,0,,0,,0,,0,,0,,0,,0,,0,,0,,0,,0,,0,,0,,0,,0,,0,,0,,,0,,0,
,,,,,0,,0,,0,,0,,0,,0,,0,,0,,0,,0,,0,,0,,0,,0,,0,,0,,0,,0,,0,,,0,,0,
,,,,,0,,0,,0,,0,,0,,0,,0,,0,,0,,0,,0,,0,,0,,0,,0,,0,,0,,0,,0,,,0,,0,
,,,,,0,,0,,0,,0,,0,,0,,0,,0,,0,,0,,0,,0,,0,,0,,0,,0,,0,,0,,0,,,0,,0,
,,,,,0,,0,,0,,0,,0,,0,,0,,0,,0,,0,,0,,0,,0,,0,,0,,0,,0,,0,,0,,,0,,0,
,,,,,0,,0,,0,,0,,0,,0,,0,,0,,0,,0,,0,,0,,0,,0,,0,,0,,0,,0,,0,,,0,,0,
,,,,,0,,0,,0,,0,,0,,0,,0,,0,,0,,0,,0,,0,,0,,0,,0,,0,,0,,0,,0,,,0,,0,
,,,,,0,,0,,0,,0,,0,,0,,0,,0,,0,,0,,0,,0,,0,,0,,0,,0,,0,,0,,0,,,0,,0,
,,,,,0,,0,,0,,0,,0,,0,,0,,0,,0,,0,,0,,0,,0,,0,,0,,0,,0,,0,,0,,,0,,0,
,,,,,0,,0,,0,,0,,0,,0,,0,,0,,0,,0,,0,,0,,0,,0,,0,,0,,0,,0,,0,,,0,,0,
,,,,,0,,0,,0,,0,,0,,0,,0,,0,,0,,0,,0,,0,,0,,0,,0,,0,,0,,0,,0,,,0,,0,
,,,,,0,,0,,0,,0,,0,,0,,0,,0,,0,,0,,0,,0,,0,,0,,0,,0,,0,,0,,0,,,0,,0,
,,,,,0,,0,,0,,0,,0,,0,,0,,0,,0,,0,,0,,0,,0,,0,,0,,0,,0,,0,,0,,,0,,0,
,,,,,0,,0,,0,,0,,0,,0,,0,,0,,0,,0,,0,,0,,0,,0,,0,,0,,0,,0,,0,,,0,,0,
,,,,,0,,0,,0,,0,,0,,0,,0,,0,,0,,0,,0,,0,,0,,0,,0,,0,,0,,0,,0,,,0,,0,
,,,,,0,,0,,0,,0,,0,,0,,0,,0,,0,,0,,0,,0,,0,,0,,0,,0,,0,,0,,0,,,0,,0,
,,,,,0,,0,,0,,0,,0,,0,,0,,0,,0,,0,,0,,0,,0,,0,,0,,0,,0,,0,,0,,,0,,0,
,,,,,0,,0,,0,,0,,0,,0,,0,,0,,0,,0,,0,,0,,0,,0,,0,,0,,0,,0,,0,,,0,,0,
,,,,,0,,0,,0,,0,,0,,0,,0,,0,,0,,0,,0,,0,,0,,0,,0,,0,,0,,0,,0,,,0,,0,
,,,,,0,,0,,0,,0,,0,,0,,0,,0,,0,,0,,0,,0,,0,,0,,0,,0,,0,,0,,0,,,0,,0,
,,,,,0,,0,,0,,0,,0,,0,,0,,0,,0,,0,,0,,0,,0,,0,,0,,0,,0,,0,,0,,,0,,0,
,,,,,0,,0,,0,,0,,0,,0,,0,,0,,0,,0,,0,,0,,0,,0,,0,,0,,0,,0,,0,,,0,,0,
,,,,,0,,0,,0,,0,,0,,0,,0,,0,,0,,0,,0,,0,,0,,0,,0,,0,,0,,0,,0,,,0,,0,
,,,,,0,,0,,0,,0,,0,,0,,0,,0,,0,,0,,0,,0,,0,,0,,0,,0,,0,,0,,0,,,0,,0,
,,,,,0,,0,,0,,0,,0,,0,,0,,0,,0,,0,,0,,0,,0,,0,,0,,0,,0,,0,,0,,,0,,0,
,,,,,0,,0,,0,,0,,0,,0,,0,,0,,0,,0,,0,,0,,0,,0,,0,,0,,0,,0,,0,,,0,,0,
,,,,,0,,0,,0,,0,,0,,0,,0,,0,,0,,0,,0,,0,,0,,0,,0,,0,,0,,0,,0,,,0,,0,
,,,,,0,,0,,0,,0,,0,,0,,0,,0,,0,,0,,0,,0,,0,,0,,0,,0,,0,,0,,0,,,0,,0,
,,,,,0,,0,,0,,0,,0,,0,,0,,0,,0,,0,,0,,0,,0,,0,,0,,0,,0,,0,,0,,,0,,0,
,,,,,0,,0,,0,,0,,0,,0,,0,,0,,0,,0,,0,,0,,0,,0,,0,,0,,0,,0,,0,,,0,,0,
,,,,,0,,0,,0,,0,,0,,0,,0,,0,,0,,0,,0,,0,,0,,0,,0,,0,,0,,0,,0,,,0,,0,
,,,,,0,,0,,0,,0,,0,,0,,0,,0,,0,,0,,0,,0,,0,,0,,0,,0,,0,,0,,0,,,0,,0,
,,,,,0,,0,,0,,0,,0,,0,,0,,0,,0,,0,,0,,0,,0,,0,,0,,0,,0,,0,,0,,,0,,0,
,,,,,0,,0,,0,,0,,0,,0,,0,,0,,0,,0,,0,,0,,0,,0,,0,,0,,0,,0,,0,,,0,,0,
,,,,,0,,0,,0,,0,,0,,0,,0,,0,,0,,0,,0,,0,,0,,0,,0,,0,,0,,0,,0,,,0,,0,
,,,,,0,,0,,0,,0,,0,,0,,0,,0,,0,,0,,0,,0,,0,,0,,0,,0,,0,,0,,0,,,0,,0,
,,,,,0,,0,,0,,0,,0,,0,,0,,0,,0,,0,,0,,0,,0,,0,,0,,0,,0,,0,,0,,,0,,0,
,,,,,0,,0,,0,,0,,0,,0,,0,,0,,0,,0,,0,,0,,0,,0,,0,,0,,0,,0,,0,,,0,,0,
,,,,,0,,0,,0,,0,,0,,0,,0,,0,,0,,0,,0,,0,,0,,0,,0,,0,,0,,0,,0,,,0,,0,
,,,,,0,,0,,0,,0,,0,,0,,0,,0,,0,,0,,0,,0,,0,,0,,0,,0,,0,,0,,0,,,0,,0,
,,,,,0,,0,,0,,0,,0,,0,,0,,0,,0,,0,,0,,0,,0,,0,,0,,0,,0,,0,,0,,,0,,0,
,,,,,0,,0,,0,,0,,0,,0,,0,,0,,0,,0,,0,,0,,0,,0,,0,,0,,0,,0,,0,,,0,,0,
,,,,,0,,0,,0,,0,,0,,0,,0,,0,,0,,0,,0,,0,,0,,0,,0,,0,,0,,0,,0,,,0,,0,
,,,,,0,,0,,0,,0,,0,,0,,0,,0,,0,,0,,0,,0,,0,,0,,0,,0,,0,,0,,0,,,0,,0,
,,,,,0,,0,,0,,0,,0,,0,,0,,0,,0,,0,,0,,0,,0,,0,,0,,0,,0,,0,,0,,,0,,0,
,,,,,0,,0,,0,,0,,0,,0,,0,,0,,0,,0,,0,,0,,0,,0,,0,,0,,0,,0,,0,,,0,,0,
,,,,,0,,0,,0,,0,,0,,0,,0,,0,,0,,0,,0,,0,,0,,0,,0,,0,,0,,0,,0,,,0,,0,
,,,,,0,,0,,0,,0,,0,,0,,0,,0,,0,,0,,0,,0,,0,,0,,0,,0,,0,,0,,0,,,0,,0,
,,,,,0,,0,,0,,0,,0,,0,,0,,0,,0,,0,,0,,0,,0,,0,,0,,0,,0,,0,,0,,,0,,0,
,,,,,0,,0,,0,,0,,0,,0,,0,,0,,0,,0,,0,,0,,0,,0,,0,,0,,0,,0,,0,,,0,,0,
,,,,,0,,0,,0,,0,,0,,0,,0,,0,,0,,0,,0,,0,,0,,0,,0,,0,,0,,0,,0,,,0,,0,
,,,,,0,,0,,0,,0,,0,,0,,0,,0,,0,,0,,0,,0,,0,,0,,0,,0,,0,,0,,0,,,0,,0,
,,,,,0,,0,,0,,0,,0,,0,,0,,0,,0,,0,,0,,0,,0,,0,,0,,0,,0,,0,,0,,,0,,0,
,,,,,0,,0,,0,,0,,0,,0,,0,,0,,0,,0,,0,,0,,0,,0,,0,,0,,0,,0,,0,,,0,,0,
,,,,,0,,0,,0,,0,,0,,0,,0,,0,,0,,0,,0,,0,,0,,0,,0,,0,,0,,0,,0,,,0,,0,
,,,,,0,,0,,0,,0,,0,,0,,0,,0,,0,,0,,0,,0,,0,,0,,0,,0,,0,,0,,0,,,0,,0,
,,,,,0,,0,,0,,0,,0,,0,,0,,0,,0,,0,,0,,0,,0,,0,,0,,0,,0,,0,,0,,,0,,0,
,,,,,0,,0,,0,,0,,0,,0,,0,,0,,0,,0,,0,,0,,0,,0,,0,,0,,0,,0,,0,,,0,,0,
,,,,,0,,0,,0,,0,,0,,0,,0,,0,,0,,0,,0,,0,,0,,0,,0,,0,,0,,0,,0,,,0,,0,
,,,,,0,,0,,0,,0,,0,,0,,0,,0,,0,,0,,0,,0,,0,,0,,0,,0,,0,,0,,0,,,0,,0,
,,,,,0,,0,,0,,0,,0,,0,,0,,0,,0,,0,,0,,0,,0,,0,,0,,0,,0,,0,,0,,,0,,0,
,,,,,0,,0,,0,,0,,0,,0,,0,,0,,0,,0,,0,,0,,0,,0,,0,,0,,0,,0,,0,,,0,,0,
,,,,,0,,0,,0,,0,,0,,0,,0,,0,,0,,0,,0,,0,,0,,0,,0,,0,,0,,0,,0,,,0,,0,
,,,,,0,,0,,0,,0,,0,,0,,0,,0,,0,,0,,0,,0,,0,,0,,0,,0,,0,,0,,0,,,0,,0,
,,,,,0,,0,,0,,0,,0,,0,,0,,0,,0,,0,,0,,0,,0,,0,,0,,0,,0,,0,,0,,,0,,0,
,,,,,0,,0,,0,,0,,0,,0,,0,,0,,0,,0,,0,,0,,0,,0,,0,,0,,0,,0,,0,,,0,,0,
,,,,,0,,0,,0,,0,,0,,0,,0,,0,,0,,0,,0,,0,,0,,0,,0,,0,,0,,0,,0,,,0,,0,
,,,,,0,,0,,0,,0,,0,,0,,0,,0,,0,,0,,0,,0,,0,,0,,0,,0,,0,,0,,0,,,0,,0,
,,,,,0,,0,,0,,0,,0,,0,,0,,0,,0,,0,,0,,0,,0,,0,,0,,0,,0,,0,,0,,,0,,0,
,,,,,0,,0,,0,,0,,0,,0,,0,,0,,0,,0,,0,,0,,0,,0,,0,,0,,0,,0,,0,,,0,,0,
,,,,,0,,0,,0,,0,,0,,0,,0,,0,,0,,0,,0,,0,,0,,0,,0,,0,,0,,0,,0,,,0,,0,
,,,,,0,,0,,0,,0,,0,,0,,0,,0,,0,,0,,0,,0,,0,,0,,0,,0,,0,,0,,0,,,0,,0,
,,,,,0,,0,,0,,0,,0,,0,,0,,0,,0,,0,,0,,0,,0,,0,,0,,0,,0,,0,,0,,,0,,0,
,,,,,0,,0,,0,,0,,0,,0,,0,,0,,0,,0,,0,,0,,0,,0,,0,,0,,0,,0,,0,,,0,,0,
,,,,,0,,0,,0,,0,,0,,0,,0,,0,,0,,0,,0,,0,,0,,0,,0,,0,,0,,0,,0,,,0,,0,
,,,,,0,,0,,0,,0,,0,,0,,0,,0,,0,,0,,0,,0,,0,,0,,0,,0,,0,,0,,0,,,0,,0,
,,,,,0,,0,,0,,0,,0,,0,,0,,0,,0,,0,,0,,0,,0,,0,,0,,0,,0,,0,,0,,,0,,0,
,,,,,0,,0,,0,,0,,0,,0,,0,,0,,0,,0,,0,,0,,0,,0,,0,,0,,0,,0,,0,,,0,,0,
,,,,,0,,0,,0,,0,,0,,0,,0,,0,,0,,0,,0,,0,,0,,0,,0,,0,,0,,0,,0,,,0,,0,
,,,,,0,,0,,0,,0,,0,,0,,0,,0,,0,,0,,0,,0,,0,,0,,0,,0,,0,,0,,0,,,0,,0,
,,,,,0,,0,,0,,0,,0,,0,,0,,0,,0,,0,,0,,0,,0,,0,,0,,0,,0,,0,,0,,,0,,0,
,,,,,0,,0,,0,,0,,0,,0,,0,,0,,0,,0,,0,,0,,0,,0,,0,,0,,0,,0,,0,,,0,,0,
,,,,,0,,0,,0,,0,,0,,0,,0,,0,,0,,0,,0,,0,,0,,0,,0,,0,,0,,0,,0,,,0,,0,
,,,,,0,,0,,0,,0,,0,,0,,0,,0,,0,,0,,0,,0,,0,,0,,0,,0,,0,,0,,0,,,0,,0,
,,,,,0,,0,,0,,0,,0,,0,,0,,0,,0,,0,,0,,0,,0,,0,,0,,0,,0,,0,,0,,,0,,0,
,,,,,0,,0,,0,,0,,0,,0,,0,,0,,0,,0,,0,,0,,0,,0,,0,,0,,0,,0,,0,,,0,,0,
,,,,,0,,0,,0,,0,,0,,0,,0,,0,,0,,0,,0,,0,,0,,0,,0,,0,,0,,0,,0,,,0,,0,
,,,,,0,,0,,0,,0,,0,,0,,0,,0,,0,,0,,0,,0,,0,,0,,0,,0,,0,,0,,0,,,0,,0,
,,,,,0,,0,,0,,0,,0,,0,,0,,0,,0,,0,,0,,0,,0,,0,,0,,0,,0,,0,,0,,,0,,0,
,,,,,0,,0,,0,,0,,0,,0,,0,,0,,0,,0,,0,,0,,0,,0,,0,,0,,0,,0,,0,,,0,,0,
,,,,,0,,0,,0,,0,,0,,0,,0,,0,,0,,0,,0,,0,,0,,0,,0,,0,,0,,0,,0,,,0,,0,
,,,,,0,,0,,0,,0,,0,,0,,0,,0,,0,,0,,0,,0,,0,,0,,0,,0,,0,,0,,0,,,0,,0,
,,,,,0,,0,,0,,0,,0,,0,,0,,0,,0,,0,,0,,0,,0,,0,,0,,0,,0,,0,,0,,,0,,0,
,,,,,0,,0,,0,,0,,0,,0,,0,,0,,0,,0,,0,,0,,0,,0,,0,,0,,0,,0,,0,,,0,,0,
,,,,,0,,0,,0,,0,,0,,0,,0,,0,,0,,0,,0,,0,,0,,0,,0,,0,,0,,0,,0,,,0,,0,
,,,,,0,,0,,0,,0,,0,,0,,0,,0,,0,,0,,0,,0,,0,,0,,0,,0,,0,,0,,0,,,0,,0,
,,,,,0,,0,,0,,0,,0,,0,,0,,0,,0,,0,,0,,0,,0,,0,,0,,0,,0,,0,,0,,,0,,0,
,,,,,0,,0,,0,,0,,0,,0,,0,,0,,0,,0,,0,,0,,0,,0,,0,,0,,0,,0,,0,,,0,,0,
,,,,,0,,0,,0,,0,,0,,0,,0,,0,,0,,0,,0,,0,,0,,0,,0,,0,,0,,0,,0,,,0,,0,
,,,,,0,,0,,0,,0,,0,,0,,0,,0,,0,,0,,0,,0,,0,,0,,0,,0,,0,,0,,0,,,0,,0,
,,,,,0,,0,,0,,0,,0,,0,,0,,0,,0,,0,,0,,0,,0,,0,,0,,0,,0,,0,,0,,,0,,0,
,,,,,0,,0,,0,,0,,0,,0,,0,,0,,0,,0,,0,,0,,0,,0,,0,,0,,0,,0,,0,,,0,,0,
,,,,,0,,0,,0,,0,,0,,0,,0,,0,,0,,0,,0,,0,,0,,0,,0,,0,,0,,0,,0,,,0,,0,
,,,,,0,,0,,0,,0,,0,,0,,0,,0,,0,,0,,0,,0,,0,,0,,0,,0,,0,,0,,0,,,0,,0,
,,,,,0,,0,,0,,0,,0,,0,,0,,0,,0,,0,,0,,0,,0,,0,,0,,0,,0,,0,,0,,,0,,0,
,,,,,0,,0,,0,,0,,0,,0,,0,,0,,0,,0,,0,,0,,0,,0,,0,,0,,0,,0,,0,,,0,,0,
,,,,,0,,0,,0,,0,,0,,0,,0,,0,,0,,0,,0,,0,,0,,0,,0,,0,,0,,0,,0,,,0,,0,
,,,,,0,,0,,0,,0,,0,,0,,0,,0,,0,,0,,0,,0,,0,,0,,0,,0,,0,,0,,0,,,0,,0,
,,,,,0,,0,,0,,0,,0,,0,,0,,0,,0,,0,,0,,0,,0,,0,,0,,0,,0,,0,,0,,,0,,0,
,,,,,0,,0,,0,,0,,0,,0,,0,,0,,0,,0,,0,,0,,0,,0,,0,,0,,0,,0,,0,,,0,,0,
,,,,,0,,0,,0,,0,,0,,0,,0,,0,,0,,0,,0,,0,,0,,0,,0,,0,,0,,0,,0,,,0,,0,
,,,,,0,,0,,0,,0,,0,,0,,0,,0,,0,,0,,0,,0,,0,,0,,0,,0,,0,,0,,0,,,0,,0,
,,,,,0,,0,,0,,0,,0,,0,,0,,0,,0,,0,,0,,0,,0,,0,,0,,0,,0,,0,,0,,,0,,0,
,,,,,0,,0,,0,,0,,0,,0,,0,,0,,0,,0,,0,,0,,0,,0,,0,,0,,0,,0,,0,,,0,,0,
,,,,,0,,0,,0,,0,,0,,0,,0,,0,,0,,0,,0,,0,,0,,0,,0,,0,,0,,0,,0,,,0,,0,
,,,,,0,,0,,0,,0,,0,,0,,0,,0,,0,,0,,0,,0,,0,,0,,0,,0,,0,,0,,0,,,0,,0,
,,,,,0,,0,,0,,0,,0,,0,,0,,0,,0,,0,,0,,0,,0,,0,,0,,0,,0,,0,,0,,,0,,0,
,,,,,0,,0,,0,,0,,0,,0,,0,,0,,0,,0,,0,,0,,0,,0,,0,,0,,0,,0,,0,,,0,,0,
,,,,,0,,0,,0,,0,,0,,0,,0,,0,,0,,0,,0,,0,,0,,0,,0,,0,,0,,0,,0,,,0,,0,
,,,,,0,,0,,0,,0,,0,,0,,0,,0,,0,,0,,0,,0,,0,,0,,0,,0,,0,,0,,0,,,0,,0,
,,,,,0,,0,,0,,0,,0,,0,,0,,0,,0,,0,,0,,0,,0,,0,,0,,0,,0,,0,,0,,,0,,0,
,,,,,0,,0,,0,,0,,0,,0,,0,,0,,0,,0,,0,,0,,0,,0,,0,,0,,0,,0,,0,,,0,,0,
,,,,,0,,0,,0,,0,,0,,0,,0,,0,,0,,0,,0,,0,,0,,0,,0,,0,,0,,0,,0,,,0,,0,
,,,,,0,,0,,0,,0,,0,,0,,0,,0,,0,,0,,0,,0,,0,,0,,0,,0,,0,,0,,0,,,0,,0,
,,,,,0,,0,,0,,0,,0,,0,,0,,0,,0,,0,,0,,0,,0,,0,,0,,0,,0,,0,,0,,,0,,0,
,,,,,0,,0,,0,,0,,0,,0,,0,,0,,0,,0,,0,,0,,0,,0,,0,,0,,0,,0,,0,,,0,,0,
,,,,,0,,0,,0,,0,,0,,0,,0,,0,,0,,0,,0,,0,,0,,0,,0,,0,,0,,0,,0,,,0,,0,
,,,,,0,,0,,0,,0,,0,,0,,0,,0,,0,,0,,0,,0,,0,,0,,0,,0,,0,,0,,0,,,0,,0,
,,,,,0,,0,,0,,0,,0,,0,,0,,0,,0,,0,,0,,0,,0,,0,,0,,0,,0,,0,,0,,,0,,0,
,,,,,0,,0,,0,,0,,0,,0,,0,,0,,0,,0,,0,,0,,0,,0,,0,,0,,0,,0,,0,,,0,,0,
,,,,,0,,0,,0,,0,,0,,0,,0,,0,,0,,0,,0,,0,,0,,0,,0,,0,,0,,0,,0,,,0,,0,
,,,,,0,,0,,0,,0,,0,,0,,0,,0,,0,,0,,0,,0,,0,,0,,0,,0,,0,,0,,0,,,0,,0,
,,,,,0,,0,,0,,0,,0,,0,,0,,0,,0,,0,,0,,0,,0,,0,,0,,0,,0,,0,,0,,,0,,0,
,,,,,0,,0,,0,,0,,0,,0,,0,,0,,0,,0,,0,,0,,0,,0,,0,,0,,0,,0,,0,,,0,,0,
,,,,,0,,0,,0,,0,,0,,0,,0,,0,,0,,0,,0,,0,,0,,0,,0,,0,,0,,0,,0,,,0,,0,
,,,,,0,,0,,0,,0,,0,,0,,0,,0,,0,,0,,0,,0,,0,,0,,0,,0,,0,,0,,0,,,0,,0,
,,,,,0,,0,,0,,0,,0,,0,,0,,0,,0,,0,,0,,0,,0,,0,,0,,0,,0,,0,,0,,,0,,0,
,,,,,0,,0,,0,,0,,0,,0,,0,,0,,0,,0,,0,,0,,0,,0,,0,,0,,0,,0,,0,,,0,,0,
,,,,,0,,0,,0,,0,,0,,0,,0,,0,,0,,0,,0,,0,,0,,0,,0,,0,,0,,0,,0,,,0,,0,
,,,,,0,,0,,0,,0,,0,,0,,0,,0,,0,,0,,0,,0,,0,,0,,0,,0,,0,,0,,0,,,0,,0,
,,,,,0,,0,,0,,0,,0,,0,,0,,0,,0,,0,,0,,0,,0,,0,,0,,0,,0,,0,,0,,,0,,0,
,,,,,0,,0,,0,,0,,0,,0,,0,,0,,0,,0,,0,,0,,0,,0,,0,,0,,0,,0,,0,,,0,,0,
,,,,,0,,0,,0,,0,,0,,0,,0,,0,,0,,0,,0,,0,,0,,0,,0,,0,,0,,0,,0,,,0,,0,
,,,,,0,,0,,0,,0,,0,,0,,0,,0,,0,,0,,0,,0,,0,,0,,0,,0,,0,,0,,0,,,0,,0,
,,,,,0,,0,,0,,0,,0,,0,,0,,0,,0,,0,,0,,0,,0,,0,,0,,0,,0,,0,,0,,,0,,0,
,,,,,0,,0,,0,,0,,0,,0,,0,,0,,0,,0,,0,,0,,0,,0,,0,,0,,0,,0,,0,,,0,,0,
,,,,,0,,0,,0,,0,,0,,0,,0,,0,,0,,0,,0,,0,,0,,0,,0,,0,,0,,0,,0,,,0,,0,
,,,,,0,,0,,0,,0,,0,,0,,0,,0,,0,,0,,0,,0,,0,,0,,0,,0,,0,,0,,0,,,0,,0,
,,,,,0,,0,,0,,0,,0,,0,,0,,0,,0,,0,,0,,0,,0,,0,,0,,0,,0,,0,,0,,,0,,0,
,,,,,0,,0,,0,,0,,0,,0,,0,,0,,0,,0,,0,,0,,0,,0,,0,,0,,0,,0,,0,,,0,,0,
,,,,,0,,0,,0,,0,,0,,0,,0,,0,,0,,0,,0,,0,,0,,0,,0,,0,,0,,0,,0,,,0,,0,
,,,,,0,,0,,0,,0,,0,,0,,0,,0,,0,,0,,0,,0,,0,,0,,0,,0,,0,,0,,0,,,0,,0,
,,,,,0,,0,,0,,0,,0,,0,,0,,0,,0,,0,,0,,0,,0,,0,,0,,0,,0,,0,,0,,,0,,0,
,,,,,0,,0,,0,,0,,0,,0,,0,,0,,0,,0,,0,,0,,0,,0,,0,,0,,0,,0,,0,,,0,,0,
,,,,,0,,0,,0,,0,,0,,0,,0,,0,,0,,0,,0,,0,,0,,0,,0,,0,,0,,0,,0,,,0,,0,
,,,,,0,,0,,0,,0,,0,,0,,0,,0,,0,,0,,0,,0,,0,,0,,0,,0,,0,,0,,0,,,0,,0,
,,,,,0,,0,,0,,0,,0,,0,,0,,0,,0,,0,,0,,0,,0,,0,,0,,0,,0,,0,,0,,,0,,0,
,,,,,0,,0,,0,,0,,0,,0,,0,,0,,0,,0,,0,,0,,0,,0,,0,,0,,0,,0,,0,,,0,,0,
,,,,,0,,0,,0,,0,,0,,0,,0,,0,,0,,0,,0,,0,,0,,0,,0,,0,,0,,0,,0,,,0,,0,
,,,,,0,,0,,0,,0,,0,,0,,0,,0,,0,,0,,0,,0,,0,,0,,0,,0,,0,,0,,0,,,0,,0,
,,,,,0,,0,,0,,0,,0,,0,,0,,0,,0,,0,,0,,0,,0,,0,,0,,0,,0,,0,,0,,,0,,0,
,,,,,0,,0,,0,,0,,0,,0,,0,,0,,0,,0,,0,,0,,0,,0,,0,,0,,0,,0,,0,,,0,,0,
,,,,,0,,0,,0,,0,,0,,0,,0,,0,,0,,0,,0,,0,,0,,0,,0,,0,,0,,0,,0,,,0,,0,
,,,,,0,,0,,0,,0,,0,,0,,0,,0,,0,,0,,0,,0,,0,,0,,0,,0,,0,,0,,0,,,0,,0,
,,,,,0,,0,,0,,0,,0,,0,,0,,0,,0,,0,,0,,0,,0,,0,,0,,0,,0,,0,,0,,,0,,0,
,,,,,0,,0,,0,,0,,0,,0,,0,,0,,0,,0,,0,,0,,0,,0,,0,,0,,0,,0,,0,,,0,,0,
,,,,,0,,0,,0,,0,,0,,0,,0,,0,,0,,0,,0,,0,,0,,0,,0,,0,,0,,0,,0,,,0,,0,
,,,,,0,,0,,0,,0,,0,,0,,0,,0,,0,,0,,0,,0,,0,,0,,0,,0,,0,,0,,0,,,0,,0,
,,,,,0,,0,,0,,0,,0,,0,,0,,0,,0,,0,,0,,0,,0,,0,,0,,0,,0,,0,,0,,,0,,0,
,,,,,0,,0,,0,,0,,0,,0,,0,,0,,0,,0,,0,,0,,0,,0,,0,,0,,0,,0,,0,,,0,,0,
,,,,,0,,0,,0,,0,,0,,0,,0,,0,,0,,0,,0,,0,,0,,0,,0,,0,,0,,0,,0,,,0,,0,
,,,,,0,,0,,0,,0,,0,,0,,0,,0,,0,,0,,0,,0,,0,,0,,0,,0,,0,,0,,0,,,0,,0,
,,,,,0,,0,,0,,0,,0,,0,,0,,0,,0,,0,,0,,0,,0,,0,,0,,0,,0,,0,,0,,,0,,0,
,,,,,0,,0,,0,,0,,0,,0,,0,,0,,0,,0,,0,,0,,0,,0,,0,,0,,0,,0,,0,,,0,,0,
,,,,,0,,0,,0,,0,,0,,0,,0,,0,,0,,0,,0,,0,,0,,0,,0,,0,,0,,0,,0,,,0,,0,
,,,,,0,,0,,0,,0,,0,,0,,0,,0,,0,,0,,0,,0,,0,,0,,0,,0,,0,,0,,0,,,0,,0,
,,,,,0,,0,,0,,0,,0,,0,,0,,0,,0,,0,,0,,0,,0,,0,,0,,0,,0,,0,,0,,,0,,0,
,,,,,0,,0,,0,,0,,0,,0,,0,,0,,0,,0,,0,,0,,0,,0,,0,,0,,0,,0,,0,,,0,,0,
,,,,,0,,0,,0,,0,,0,,0,,0,,0,,0,,0,,0,,0,,0,,0,,0,,0,,0,,0,,0,,,0,,0,
,,,,,0,,0,,0,,0,,0,,0,,0,,0,,0,,0,,0,,0,,0,,0,,0,,0,,0,,0,,0,,,0,,0,
,,,,,0,,0,,0,,0,,0,,0,,0,,0,,0,,0,,0,,0,,0,,0,,0,,0,,0,,0,,0,,,0,,0,
,,,,,0,,0,,0,,0,,0,,0,,0,,0,,0,,0,,0,,0,,0,,0,,0,,0,,0,,0,,0,,,0,,0,
,,,,,0,,0,,0,,0,,0,,0,,0,,0,,0,,0,,0,,0,,0,,0,,0,,0,,0,,0,,0,,,0,,0,
,,,,,0,,0,,0,,0,,0,,0,,0,,0,,0,,0,,0,,0,,0,,0,,0,,0,,0,,0,,0,,,0,,0,
,,,,,0,,0,,0,,0,,0,,0,,0,,0,,0,,0,,0,,0,,0,,0,,0,,0,,0,,0,,0,,,0,,0,
,,,,,0,,0,,0,,0,,0,,0,,0,,0,,0,,0,,0,,0,,0,,0,,0,,0,,0,,0,,0,,,0,,0,
,,,,,0,,0,,0,,0,,0,,0,,0,,0,,0,,0,,0,,0,,0,,0,,0,,0,,0,,0,,0,,,0,,0,
,,,,,0,,0,,0,,0,,0,,0,,0,,0,,0,,0,,0,,0,,0,,0,,0,,0,,0,,0,,0,,,0,,0,
,,,,,0,,0,,0,,0,,0,,0,,0,,0,,0,,0,,0,,0,,0,,0,,0,,0,,0,,0,,0,,,0,,0,
,,,,,0,,0,,0,,0,,0,,0,,0,,0,,0,,0,,0,,0,,0,,0,,0,,0,,0,,0,,0,,,0,,0,
,,,,,0,,0,,0,,0,,0,,0,,0,,0,,0,,0,,0,,0,,0,,0,,0,,0,,0,,0,,0,,,0,,0,
,,,,,0,,0,,0,,0,,0,,0,,0,,0,,0,,0,,0,,0,,0,,0,,0,,0,,0,,0,,0,,,0,,0,
,,,,,0,,0,,0,,0,,0,,0,,0,,0,,0,,0,,0,,0,,0,,0,,0,,0,,0,,0,,0,,,0,,0,
,,,,,0,,0,,0,,0,,0,,0,,0,,0,,0,,0,,0,,0,,0,,0,,0,,0,,0,,0,,0,,,0,,0,
,,,,,0,,0,,0,,0,,0,,0,,0,,0,,0,,0,,0,,0,,0,,0,,0,,0,,0,,0,,0,,,0,,0,
,,,,,0,,0,,0,,0,,0,,0,,0,,0,,0,,0,,0,,0,,0,,0,,0,,0,,0,,0,,0,,,0,,0,
,,,,,0,,0,,0,,0,,0,,0,,0,,0,,0,,0,,0,,0,,0,,0,,0,,0,,0,,0,,0,,,0,,0,
,,,,,0,,0,,0,,0,,0,,0,,0,,0,,0,,0,,0,,0,,0,,0,,0,,0,,0,,0,,0,,,0,,0,
,,,,,0,,0,,0,,0,,0,,0,,0,,0,,0,,0,,0,,0,,0,,0,,0,,0,,0,,0,,0,,,0,,0,
,,,,,0,,0,,0,,0,,0,,0,,0,,0,,0,,0,,0,,0,,0,,0,,0,,0,,0,,0,,0,,,0,,0,
,,,,,0,,0,,0,,0,,0,,0,,0,,0,,0,,0,,0,,0,,0,,0,,0,,0,,0,,0,,0,,,0,,0,
,,,,,0,,0,,0,,0,,0,,0,,0,,0,,0,,0,,0,,0,,0,,0,,0,,0,,0,,0,,0,,,0,,0,
,,,,,0,,0,,0,,0,,0,,0,,0,,0,,0,,0,,0,,0,,0,,0,,0,,0,,0,,0,,0,,,0,,0,
,,,,,0,,0,,0,,0,,0,,0,,0,,0,,0,,0,,0,,0,,0,,0,,0,,0,,0,,0,,0,,,0,,0,
,,,,,0,,0,,0,,0,,0,,0,,0,,0,,0,,0,,0,,0,,0,,0,,0,,0,,0,,0,,0,,,0,,0,
,,,,,0,,0,,0,,0,,0,,0,,0,,0,,0,,0,,0,,0,,0,,0,,0,,0,,0,,0,,0,,,0,,0,
,,,,,0,,0,,0,,0,,0,,0,,0,,0,,0,,0,,0,,0,,0,,0,,0,,0,,0,,0,,0,,,0,,0,
,,,,,0,,0,,0,,0,,0,,0,,0,,0,,0,,0,,0,,0,,0,,0,,0,,0,,0,,0,,0,,,0,,0,
,,,,,0,,0,,0,,0,,0,,0,,0,,0,,0,,0,,0,,0,,0,,0,,0,,0,,0,,0,,0,,,0,,0,
,,,,,0,,0,,0,,0,,0,,0,,0,,0,,0,,0,,0,,0,,0,,0,,0,,0,,0,,0,,0,,,0,,0,
,,,,,0,,0,,0,,0,,0,,0,,0,,0,,0,,0,,0,,0,,0,,0,,0,,0,,0,,0,,0,,,0,,0,
,,,,,0,,0,,0,,0,,0,,0,,0,,0,,0,,0,,0,,0,,0,,0,,0,,0,,0,,0,,0,,,0,,0,
,,,,,0,,0,,0,,0,,0,,0,,0,,0,,0,,0,,0,,0,,0,,0,,0,,0,,0,,0,,0,,,0,,0,
,,,,,0,,0,,0,,0,,0,,0,,0,,0,,0,,0,,0,,0,,0,,0,,0,,0,,0,,0,,0,,,0,,0,
,,,,,0,,0,,0,,0,,0,,0,,0,,0,,0,,0,,0,,0,,0,,0,,0,,0,,0,,0,,0,,,0,,0,
,,,,,0,,0,,0,,0,,0,,0,,0,,0,,0,,0,,0,,0,,0,,0,,0,,0,,0,,0,,0,,,0,,0,
,,,,,0,,0,,0,,0,,0,,0,,0,,0,,0,,0,,0,,0,,0,,0,,0,,0,,0,,0,,0,,,0,,0,
,,,,,0,,0,,0,,0,,0,,0,,0,,0,,0,,0,,0,,0,,0,,0,,0,,0,,0,,0,,0,,,0,,0,
,,,,,0,,0,,0,,0,,0,,0,,0,,0,,0,,0,,0,,0,,0,,0,,0,,0,,0,,0,,0,,,0,,0,
,,,,,0,,0,,0,,0,,0,,0,,0,,0,,0,,0,,0,,0,,0,,0,,0,,0,,0,,0,,0,,,0,,0,
,,,,,0,,0,,0,,0,,0,,0,,0,,0,,0,,0,,0,,0,,0,,0,,0,,0,,0,,0,,0,,,0,,0,
,,,,,0,,0,,0,,0,,0,,0,,0,,0,,0,,0,,0,,0,,0,,0,,0,,0,,0,,0,,0,,,0,,0,
,,,,,0,,0,,0,,0,,0,,0,,0,,0,,0,,0,,0,,0,,0,,0,,0,,0,,0,,0,,0,,,0,,0,
,,,,,0,,0,,0,,0,,0,,0,,0,,0,,0,,0,,0,,0,,0,,0,,0,,0,,0,,0,,0,,,0,,0,
,,,,,0,,0,,0,,0,,0,,0,,0,,0,,0,,0,,0,,0,,0,,0,,0,,0,,0,,0,,0,,,0,,0,
,,,,,0,,0,,0,,0,,0,,0,,0,,0,,0,,0,,0,,0,,0,,0,,0,,0,,0,,0,,0,,,0,,0,
,,,,,0,,0,,0,,0,,0,,0,,0,,0,,0,,0,,0,,0,,0,,0,,0,,0,,0,,0,,0,,,0,,0,
,,,,,0,,0,,0,,0,,0,,0,,0,,0,,0,,0,,0,,0,,0,,0,,0,,0,,0,,0,,0,,,0,,0,
,,,,,0,,0,,0,,0,,0,,0,,0,,0,,0,,0,,0,,0,,0,,0,,0,,0,,0,,0,,0,,,0,,0,
,,,,,0,,0,,0,,0,,0,,0,,0,,0,,0,,0,,0,,0,,0,,0,,0,,0,,0,,0,,0,,,0,,0,
,,,,,0,,0,,0,,0,,0,,0,,0,,0,,0,,0,,0,,0,,0,,0,,0,,0,,0,,0,,0,,,0,,0,
,,,,,0,,0,,0,,0,,0,,0,,0,,0,,0,,0,,0,,0,,0,,0,,0,,0,,0,,0,,0,,,0,,0,
,,,,,0,,0,,0,,0,,0,,0,,0,,0,,0,,0,,0,,0,,0,,0,,0,,0,,0,,0,,0,,,0,,0,
,,,,,0,,0,,0,,0,,0,,0,,0,,0,,0,,0,,0,,0,,0,,0,,0,,0,,0,,0,,0,,,0,,0,
,,,,,0,,0,,0,,0,,0,,0,,0,,0,,0,,0,,0,,0,,0,,0,,0,,0,,0,,0,,0,,,0,,0,
,,,,,0,,0,,0,,0,,0,,0,,0,,0,,0,,0,,0,,0,,0,,0,,0,,0,,0,,0,,0,,,0,,0,
,,,,,0,,0,,0,,0,,0,,0,,0,,0,,0,,0,,0,,0,,0,,0,,0,,0,,0,,0,,0,,,0,,0,
,,,,,0,,0,,0,,0,,0,,0,,0,,0,,0,,0,,0,,0,,0,,0,,0,,0,,0,,0,,0,,,0,,0,
,,,,,0,,0,,0,,0,,0,,0,,0,,0,,0,,0,,0,,0,,0,,0,,0,,0,,0,,0,,0,,,0,,0,
,,,,,0,,0,,0,,0,,0,,0,,0,,0,,0,,0,,0,,0,,0,,0,,0,,0,,0,,0,,0,,,0,,0,
,,,,,0,,0,,0,,0,,0,,0,,0,,0,,0,,0,,0,,0,,0,,0,,0,,0,,0,,0,,0,,,0,,0,
,,,,,0,,0,,0,,0,,0,,0,,0,,0,,0,,0,,0,,0,,0,,0,,0,,0,,0,,0,,0,,,0,,0,
,,,,,0,,0,,0,,0,,0,,0,,0,,0,,0,,0,,0,,0,,0,,0,,0,,0,,0,,0,,0,,,0,,0,
,,,,,0,,0,,0,,0,,0,,0,,0,,0,,0,,0,,0,,0,,0,,0,,0,,0,,0,,0,,0,,,0,,0,
,,,,,0,,0,,0,,0,,0,,0,,0,,0,,0,,0,,0,,0,,0,,0,,0,,0,,0,,0,,0,,,0,,0,
,,,,,0,,0,,0,,0,,0,,0,,0,,0,,0,,0,,0,,0,,0,,0,,0,,0,,0,,0,,0,,,0,,0,
,,,,,0,,0,,0,,0,,0,,0,,0,,0,,0,,0,,0,,0,,0,,0,,0,,0,,0,,0,,0,,,0,,0,
,,,,,0,,0,,0,,0,,0,,0,,0,,0,,0,,0,,0,,0,,0,,0,,0,,0,,0,,0,,0,,,0,,0,
,,,,,0,,0,,0,,0,,0,,0,,0,,0,,0,,0,,0,,0,,0,,0,,0,,0,,0,,0,,0,,,0,,0,
,,,,,0,,0,,0,,0,,0,,0,,0,,0,,0,,0,,0,,0,,0,,0,,0,,0,,0,,0,,0,,,0,,0,
,,,,,0,,0,,0,,0,,0,,0,,0,,0,,0,,0,,0,,0,,0,,0,,0,,0,,0,,0,,0,,,0,,0,
,,,,,0,,0,,0,,0,,0,,0,,0,,0,,0,,0,,0,,0,,0,,0,,0,,0,,0,,0,,0,,,0,,0,
,,,,,0,,0,,0,,0,,0,,0,,0,,0,,0,,0,,0,,0,,0,,0,,0,,0,,0,,0,,0,,,0,,0,
,,,,,0,,0,,0,,0,,0,,0,,0,,0,,0,,0,,0,,0,,0,,0,,0,,0,,0,,0,,0,,,0,,0,
,,,,,0,,0,,0,,0,,0,,0,,0,,0,,0,,0,,0,,0,,0,,0,,0,,0,,0,,0,,0,,,0,,0,
,,,,,0,,0,,0,,0,,0,,0,,0,,0,,0,,0,,0,,0,,0,,0,,0,,0,,0,,0,,0,,,0,,0,
,,,,,0,,0,,0,,0,,0,,0,,0,,0,,0,,0,,0,,0,,0,,0,,0,,0,,0,,0,,0,,,0,,0,
,,,,,0,,0,,0,,0,,0,,0,,0,,0,,0,,0,,0,,0,,0,,0,,0,,0,,0,,0,,0,,,0,,0,
,,,,,0,,0,,0,,0,,0,,0,,0,,0,,0,,0,,0,,0,,0,,0,,0,,0,,0,,0,,0,,,0,,0,
,,,,,0,,0,,0,,0,,0,,0,,0,,0,,0,,0,,0,,0,,0,,0,,0,,0,,0,,0,,0,,,0,,0,
,,,,,0,,0,,0,,0,,0,,0,,0,,0,,0,,0,,0,,0,,0,,0,,0,,0,,0,,0,,0,,,0,,0,
,,,,,0,,0,,0,,0,,0,,0,,0,,0,,0,,0,,0,,0,,0,,0,,0,,0,,0,,0,,0,,,0,,0,
,,,,,0,,0,,0,,0,,0,,0,,0,,0,,0,,0,,0,,0,,0,,0,,0,,0,,0,,0,,0,,,0,,0,
,,,,,0,,0,,0,,0,,0,,0,,0,,0,,0,,0,,0,,0,,0,,0,,0,,0,,0,,0,,0,,,0,,0,
,,,,,0,,0,,0,,0,,0,,0,,0,,0,,0,,0,,0,,0,,0,,0,,0,,0,,0,,0,,0,,,0,,0,
,,,,,0,,0,,0,,0,,0,,0,,0,,0,,0,,0,,0,,0,,0,,0,,0,,0,,0,,0,,0,,,0,,0,
,,,,,0,,0,,0,,0,,0,,0,,0,,0,,0,,0,,0,,0,,0,,0,,0,,0,,0,,0,,0,,,0,,0,
,,,,,0,,0,,0,,0,,0,,0,,0,,0,,0,,0,,0,,0,,0,,0,,0,,0,,0,,0,,0,,,0,,0,
,,,,,0,,0,,0,,0,,0,,0,,0,,0,,0,,0,,0,,0,,0,,0,,0,,0,,0,,0,,0,,,0,,0,
,,,,,0,,0,,0,,0,,0,,0,,0,,0,,0,,0,,0,,0,,0,,0,,0,,0,,0,,0,,0,,,0,,0,
,,,,,0,,0,,0,,0,,0,,0,,0,,0,,0,,0,,0,,0,,0,,0,,0,,0,,0,,0,,0,,,0,,0,
,,,,,0,,0,,0,,0,,0,,0,,0,,0,,0,,0,,0,,0,,0,,0,,0,,0,,0,,0,,0,,,0,,0,
,,,,,0,,0,,0,,0,,0,,0,,0,,0,,0,,0,,0,,0,,0,,0,,0,,0,,0,,0,,0,,,0,,0,
,,,,,0,,0,,0,,0,,0,,0,,0,,0,,0,,0,,0,,0,,0,,0,,0,,0,,0,,0,,0,,,0,,0,
,,,,,0,,0,,0,,0,,0,,0,,0,,0,,0,,0,,0,,0,,0,,0,,0,,0,,0,,0,,0,,,0,,0,
,,,,,0,,0,,0,,0,,0,,0,,0,,0,,0,,0,,0,,0,,0,,0,,0,,0,,0,,0,,0,,,0,,0,
,,,,,0,,0,,0,,0,,0,,0,,0,,0,,0,,0,,0,,0,,0,,0,,0,,0,,0,,0,,0,,,0,,0,
,,,,,0,,0,,0,,0,,0,,0,,0,,0,,0,,0,,0,,0,,0,,0,,0,,0,,0,,0,,0,,,0,,0,
,,,,,0,,0,,0,,0,,0,,0,,0,,0,,0,,0,,0,,0,,0,,0,,0,,0,,0,,0,,0,,,0,,0,
,,,,,0,,0,,0,,0,,0,,0,,0,,0,,0,,0,,0,,0,,0,,0,,0,,0,,0,,0,,0,,,0,,0,
,,,,,0,,0,,0,,0,,0,,0,,0,,0,,0,,0,,0,,0,,0,,0,,0,,0,,0,,0,,0,,,0,,0,
,,,,,0,,0,,0,,0,,0,,0,,0,,0,,0,,0,,0,,0,,0,,0,,0,,0,,0,,0,,0,,,0,,0,
,,,,,0,,0,,0,,0,,0,,0,,0,,0,,0,,0,,0,,0,,0,,0,,0,,0,,0,,0,,0,,,0,,0,
,,,,,0,,0,,0,,0,,0,,0,,0,,0,,0,,0,,0,,0,,0,,0,,0,,0,,0,,0,,0,,,0,,0,
,,,,,0,,0,,0,,0,,0,,0,,0,,0,,0,,0,,0,,0,,0,,0,,0,,0,,0,,0,,0,,,0,,0,
,,,,,0,,0,,0,,0,,0,,0,,0,,0,,0,,0,,0,,0,,0,,0,,0,,0,,0,,0,,0,,,0,,0,
,,,,,0,,0,,0,,0,,0,,0,,0,,0,,0,,0,,0,,0,,0,,0,,0,,0,,0,,0,,0,,,0,,0,
,,,,,0,,0,,0,,0,,0,,0,,0,,0,,0,,0,,0,,0,,0,,0,,0,,0,,0,,0,,0,,,0,,0,
,,,,,0,,0,,0,,0,,0,,0,,0,,0,,0,,0,,0,,0,,0,,0,,0,,0,,0,,0,,0,,,0,,0,
,,,,,0,,0,,0,,0,,0,,0,,0,,0,,0,,0,,0,,0,,0,,0,,0,,0,,0,,0,,0,,,0,,0,
,,,,,0,,0,,0,,0,,0,,0,,0,,0,,0,,0,,0,,0,,0,,0,,0,,0,,0,,0,,0,,,0,,0,
,,,,,0,,0,,0,,0,,0,,0,,0,,0,,0,,0,,0,,0,,0,,0,,0,,0,,0,,0,,0,,,0,,0,
,,,,,0,,0,,0,,0,,0,,0,,0,,0,,0,,0,,0,,0,,0,,0,,0,,0,,0,,0,,0,,,0,,0,
,,,,,0,,0,,0,,0,,0,,0,,0,,0,,0,,0,,0,,0,,0,,0,,0,,0,,0,,0,,0,,,0,,0,
,,,,,0,,0,,0,,0,,0,,0,,0,,0,,0,,0,,0,,0,,0,,0,,0,,0,,0,,0,,0,,,0,,0,
,,,,,0,,0,,0,,0,,0,,0,,0,,0,,0,,0,,0,,0,,0,,0,,0,,0,,0,,0,,0,,,0,,0,
,,,,,0,,0,,0,,0,,0,,0,,0,,0,,0,,0,,0,,0,,0,,0,,0,,0,,0,,0,,0,,,0,,0,
,,,,,0,,0,,0,,0,,0,,0,,0,,0,,0,,0,,0,,0,,0,,0,,0,,0,,0,,0,,0,,,0,,0,
,,,,,0,,0,,0,,0,,0,,0,,0,,0,,0,,0,,0,,0,,0,,0,,0,,0,,0,,0,,0,,,0,,0,
,,,,,0,,0,,0,,0,,0,,0,,0,,0,,0,,0,,0,,0,,0,,0,,0,,0,,0,,0,,0,,,0,,0,
,,,,,0,,0,,0,,0,,0,,0,,0,,0,,0,,0,,0,,0,,0,,0,,0,,0,,0,,0,,0,,,0,,0,
,,,,,0,,0,,0,,0,,0,,0,,0,,0,,0,,0,,0,,0,,0,,0,,0,,0,,0,,0,,0,,,0,,0,
,,,,,0,,0,,0,,0,,0,,0,,0,,0,,0,,0,,0,,0,,0,,0,,0,,0,,0,,0,,0,,,0,,0,
,,,,,0,,0,,0,,0,,0,,0,,0,,0,,0,,0,,0,,0,,0,,0,,0,,0,,0,,0,,0,,,0,,0,